Factory,FactoryName,District,TeaGrowingRegion,ElevationCategory,Latitude,Longitude,Source,Verified,Notes
BF0143,Templevally,,,,,,,False,
BF0150,Sherwood,,,,,,,False,
BF0155,GANGALAGAMUWA,,,,,,,False,
BF0163,Delgoda,,,,,,,False,
MF0083,Rilhena,,,,,,,False,
MF0103,Opatha,,,,,,,False,
MF0104,Wellandura,,,,,,,False,
MF0107,Nilagama,,,,,,,False,
MF0108,Poronuwa,,,,,,,False,
MF0168,ENDANE,,,,,,,False,
MF0181,Ceciliyan,,,,,,,False,
MF0183,New Kandagastenne,,,,,,,False,
MF0191,Avondale,,,,,,,False,
MF0200,Pettiyagalla,,,,,,,False,
MF0210,Haughton,,,,,,,False,
MF0258,Balangoda Tea Shakthi,,,,,,,False,
MF0262,Upper Balangoda,,,,,,,False,
MF0263,Wewawatte,,,,,,,False,
MF0272,Panilkanda,,,,,,,False,
MF0285,Hunuwella,,,,,,,False,
MF0295,Kuttapitiya,,,,,,,False,
MF0296,DOLOSWELLA,,,,,,,False,
MF0319,NON PAREIL,,,,,,,False,
MF0347,MATUWAGALA,,,,,,,False,
MF0367,Cecilton,,,,,,,False,
MF0369,MARATENNE,,,,,,,False,
MF0393,Hayes,,,,,,,False,
MF0413,Horamulla,,,,,,,False,
MF0428,Randola,,,,,,,False,
MF0449,Aennen,,,,,,,False,
MF0481,Aigburth,,,,,,,False,
MF0490,Hatherleigh,,,,,,,False,
MF0540,Ranmudhu Ella,,,,,,,False,
MF0546,Springwood,,,,,,,False,
MF0594,Boscombe,,,,,,,False,
MF0614,MADAMPE,,,,,,,False,
MF0619,GALABODDA,,,,,,,False,
MF0623,MEDDAKANDE,,,,,,,False,
MF0624,Wikiliya,,,,,,,False,
MF0625,NEW RASAGALLA,,,,,,,False,
MF0659,RYE,,,,,,,False,
MF0780,HOUPE,,,,,,,False,
MF0801,HAPUGASTENNE,,,,,,,False,
MF0905,Millavitiya,,,,,,,False,
MF0906,Palm Garden,,,,,,,False,
MF0909,Allerton,,,,,,,False,
MF0911,DUMBARA,,,,,,,False,
MF0912,Vardhana,,,,,,,False,
MF0946,Rajjuruwatta,,,,,,,False,
MF1075,Kadigalahena,,,,,,,False,
MF1110,Gilimale Tea Shakthi,,,,,,,False,
MF1172,New Vithanakanda,,,,,,,False,
MF1188,Green Mount,,,,,,,False,
MF1217,GALPADITENNE,,,,,,,False,
MF1281,ST.JOACHIM,,,,,,,False,
MF1284,NEW PANAWENNA,,,,,,,False,
MF1292,PINE HILL,,,,,,,False,
MF1308,New Udakada,,,,,,,False,
MF1317,Deshika,,,,,,,False,
MF1343,Kongahawatte,,,,,,,False,
MF1354,Peak Paradise,,,,,,,False,
MF1363,New Nawalakanda,,,,,,,False,
MF1365,Nawagamuwahena,,,,,,,False,
MF1368,New Temple View,,,,,,,False,
MF1381,Sannasgama,,,,,,,False,
MF1387,A.C.U.,,,,,,,False,
MF1392,Hidellana,,,,,,,False,
MF1397,New Ferndale,,,,,,,False,
MF1416,Koppakande,,,,,,,False,
MF1418,Doralawitiyahena,,,,,,,False,
MF1432,Sri Samaneliya,,,,,,,False,
MF1436,New Wewelkandura,,,,,,,False,
MF1440,Nivithigala,,,,,,,False,
MF1441,Falcon,,,,,,,False,
MF1442,Veddagala,,,,,,,False,
MF1453,Kalawana,,,,,,,False,
MF1456,Deerwood,,,,,,,False,
MF1458,Seron,,,,,,,False,
MF1459,New Laksakanda,,,,,,,False,
MF1463,Peekview,,,,,,,False,
MF1466,Tea Lanka,,,,,,,False,
MF1467,Daduwangala Watte,,,,,,,False,
MF1470,Karawita,,,,,,,False,
MF1478,Sanora,,,,,,,False,
MF1480,New Hopewell,,,,,,,False,
MF1483,Galaxy,,,,,,,False,
MF1487,Adams View,,,,,,,False,
MF1488,Kukuleganga,,,,,,,False,
MF1489,BLUE MOUNT,,,,,,,False,
MF1491,New Doralavitiyahena,,,,,,,False,
MF1495,Nilvin View,,,,,,,False,
MF1496,CO-OP TEA,,,,,,,False,
MF1515,Geekiyanahena,,,,,,,False,
MF1519,Parakaduwa,,,,,,,False,
MF1537,Ayagama,,,,,,,False,
MF1551,Galahitiya,,,,,,,False,
MF1552,Sisiramba,,,,,,,False,
MF1553,New Spring View,,,,,,,False,
MF1554,Daduwangala CTC,,,,,,,False,
MF1571,Kamarangapitiya,,,,,,,False,
MF1572,Karadana,,,,,,,False,
MF1575,Elapatha,,,,,,,False,
MF1591,Ethoya Waththa,,,,,,,False,
MF1601,Blue Hills,,,,,,,False,
