date,year,month,world_tea_average_usd_per_kg,tea_colombo_usd_per_kg,tea_kolkata_usd_per_kg,tea_mombasa_usd_per_kg,competitor_tea_average_usd_per_kg,colombo_premium_vs_competitors_pct,crude_oil_average_usd_per_bbl,brent_crude_oil_usd_per_bbl,source_id
2015-01-01,2015,1,2.6145454779,3.24,2.2836364337,2.32,2.301818,40.758292,47.1066666667,48.07,WORLD_BANK_PINK_SHEET_MONTHLY
2015-02-01,2015,2,2.4544432411,3.11,1.8358297233,2.4175,2.126665,46.238369,54.79,57.93,WORLD_BANK_PINK_SHEET_MONTHLY
2015-03-01,2015,3,2.409350014,3.08,1.4240500421,2.724,2.074025,48.503512,52.8266666667,55.79,WORLD_BANK_PINK_SHEET_MONTHLY
2015-04-01,2015,4,2.6345432485,3.01,2.1261297456,2.7675,2.446815,23.017071,57.5433333333,59.39,WORLD_BANK_PINK_SHEET_MONTHLY
2015-05-01,2015,5,2.8860533853,2.97,2.5956601558,3.0925,2.84408,4.427439,62.5066666667,64.56,WORLD_BANK_PINK_SHEET_MONTHLY
2015-06-01,2015,6,2.9967368029,3.01,2.7122104086,3.268,2.990105,0.665354,61.3066666667,62.34,WORLD_BANK_PINK_SHEET_MONTHLY
2015-07-01,2015,7,3.0964765503,3.04,2.8569296509,3.3925,3.124715,-2.711122,54.34,55.87,WORLD_BANK_PINK_SHEET_MONTHLY
2015-08-01,2015,8,2.9590963931,2.91,2.7972891793,3.17,2.983645,-2.468276,45.69,46.99,WORLD_BANK_PINK_SHEET_MONTHLY
2015-09-01,2015,9,2.7815537048,2.65,2.5921611145,3.1025,2.847331,-6.930371,46.28,47.24,WORLD_BANK_PINK_SHEET_MONTHLY
2015-10-01,2015,10,2.8623742092,2.81,2.5371226276,3.24,2.888561,-2.719738,46.9566666667,48.12,WORLD_BANK_PINK_SHEET_MONTHLY
2015-11-01,2015,11,2.8215518527,2.92,2.489655558,3.055,2.772328,5.326651,43.1133333333,44.42,WORLD_BANK_PINK_SHEET_MONTHLY
2015-12-01,2015,12,2.8090698932,2.95,2.4505430129,3.0266666667,2.738605,7.719082,36.5733333333,37.72,WORLD_BANK_PINK_SHEET_MONTHLY
2016-01-01,2016,1,2.5522033511,2.85,2.0841100534,2.7225,2.403305,18.586695,29.78,30.8,WORLD_BANK_PINK_SHEET_MONTHLY
2016-02-01,2016,2,2.3517372743,2.83,1.7452118228,2.48,2.112606,33.957781,31.03,33.2,WORLD_BANK_PINK_SHEET_MONTHLY
2016-03-01,2016,3,2.3128862265,2.87,1.7661586795,2.3025,2.034329,41.078435,37.34,39.07,WORLD_BANK_PINK_SHEET_MONTHLY
2016-04-01,2016,4,2.5375545113,2.99,2.510163534,2.1125,2.311332,29.362649,40.75,42.25,WORLD_BANK_PINK_SHEET_MONTHLY
2016-05-01,2016,5,2.5748771626,3.08,2.4326314877,2.212,2.322316,32.626238,45.9366666667,47.13,WORLD_BANK_PINK_SHEET_MONTHLY
2016-06-01,2016,6,2.6481127369,2.96,2.5768382107,2.4075,2.492169,18.772037,47.6866666667,48.48,WORLD_BANK_PINK_SHEET_MONTHLY
2016-07-01,2016,7,2.7724328782,3.18,2.7047986347,2.4325,2.568649,23.800473,44.1266666667,45.07,WORLD_BANK_PINK_SHEET_MONTHLY
2016-08-01,2016,8,2.775235489,3.46,2.5557064669,2.31,2.432853,42.219841,44.8766666667,46.14,WORLD_BANK_PINK_SHEET_MONTHLY
2016-09-01,2016,9,2.79071283,3.6,2.4421384901,2.33,2.386069,50.875755,45.0433333333,46.19,WORLD_BANK_PINK_SHEET_MONTHLY
2016-10-01,2016,10,2.8882686299,3.88,2.3908058896,2.394,2.392403,62.180038,49.2933333333,49.73,WORLD_BANK_PINK_SHEET_MONTHLY
2016-11-01,2016,11,3.0343618636,4.01,2.4130855909,2.68,2.546543,57.468392,45.26,46.44,WORLD_BANK_PINK_SHEET_MONTHLY
2016-12-01,2016,12,2.9808206027,3.91,2.3591284748,2.6733333333,2.516231,55.391144,52.62,54.07,WORLD_BANK_PINK_SHEET_MONTHLY
2017-01-01,2017,1,3.0441348483,3.95,2.1364045449,3.046,2.591202,52.438891,53.59,54.89,WORLD_BANK_PINK_SHEET_MONTHLY
2017-02-01,2017,2,2.9601471322,3.97,1.8504413965,3.06,2.455221,61.696258,54.3533333333,55.49,WORLD_BANK_PINK_SHEET_MONTHLY
2017-03-01,2017,3,2.8743858089,4.01,1.6906574268,2.9225,2.306579,73.85056,50.9033333333,51.97,WORLD_BANK_PINK_SHEET_MONTHLY
2017-04-01,2017,4,3.0341561189,4.05,2.1799683567,2.8725,2.526234,60.317679,52.1633333333,52.98,WORLD_BANK_PINK_SHEET_MONTHLY
2017-05-01,2017,5,3.1980497771,4.02,2.6341493312,2.94,2.787075,44.237255,49.8933333333,50.87,WORLD_BANK_PINK_SHEET_MONTHLY
2017-06-01,2017,6,3.2376042981,3.95,2.6253128944,3.1375,2.881406,37.085832,46.1666666667,46.89,WORLD_BANK_PINK_SHEET_MONTHLY
2017-07-01,2017,7,3.2258837909,3.86,2.8316513726,2.986,2.908826,32.699598,47.6566666667,48.69,WORLD_BANK_PINK_SHEET_MONTHLY
2017-08-01,2017,8,3.2644997906,4.13,2.7668327053,2.8966666667,2.83175,45.846224,49.9433333333,51.37,WORLD_BANK_PINK_SHEET_MONTHLY
2017-09-01,2017,9,3.2817630231,4.27,2.6177890693,2.9575,2.787645,53.175914,52.95,55.16,WORLD_BANK_PINK_SHEET_MONTHLY
2017-10-01,2017,10,3.2943355927,4.19,2.635006778,3.058,2.846503,47.198138,54.92,57.62,WORLD_BANK_PINK_SHEET_MONTHLY
2017-11-01,2017,11,3.2346425633,4.11,2.61392769,2.98,2.796964,46.945053,59.9333333333,62.57,WORLD_BANK_PINK_SHEET_MONTHLY
2017-12-01,2017,12,3.1321481661,4.11,2.4964444984,2.79,2.643222,55.492033,61.1866666667,64.21,WORLD_BANK_PINK_SHEET_MONTHLY
2018-01-01,2018,1,3.1022047416,4.16,2.1886142247,2.958,2.573307,61.659678,66.2266666667,68.99,WORLD_BANK_PINK_SHEET_MONTHLY
2018-02-01,2018,2,2.9995987059,4.1,1.9112961178,2.9875,2.449398,67.388064,63.46,65.42,WORLD_BANK_PINK_SHEET_MONTHLY
2018-03-01,2018,3,2.8355024764,3.95,1.7515074292,2.805,2.278254,73.378407,64.1666666667,66.45,WORLD_BANK_PINK_SHEET_MONTHLY
2018-04-01,2018,4,2.947843645,3.88,2.2785309349,2.685,2.481765,56.340317,68.7933333333,71.63,WORLD_BANK_PINK_SHEET_MONTHLY
2018-05-01,2018,5,3.0204523659,3.76,2.6863570976,2.615,2.650679,41.850471,73.43,76.65,WORLD_BANK_PINK_SHEET_MONTHLY
2018-06-01,2018,6,2.8678030204,3.39,2.690075728,2.5233333333,2.606705,30.049262,71.9766666667,75.19,WORLD_BANK_PINK_SHEET_MONTHLY
2018-07-01,2018,7,2.8885424474,3.41,2.7636273423,2.492,2.627814,29.765669,72.6666666667,74.44,WORLD_BANK_PINK_SHEET_MONTHLY
2018-08-01,2018,8,2.7741047282,3.34,2.5873141847,2.395,2.491157,34.074242,71.0833333333,73.13,WORLD_BANK_PINK_SHEET_MONTHLY
2018-09-01,2018,9,2.6716127127,3.25,2.3523381382,2.4125,2.382419,36.415967,75.3633333333,78.86,WORLD_BANK_PINK_SHEET_MONTHLY
2018-10-01,2018,10,2.7366844304,3.48,2.3140532912,2.416,2.365027,47.14422,76.7266666667,80.47,WORLD_BANK_PINK_SHEET_MONTHLY
2018-11-01,2018,11,2.7017389016,3.36,2.3877167047,2.3575,2.372608,41.616293,62.3166666667,65.17,WORLD_BANK_PINK_SHEET_MONTHLY
2018-12-01,2018,12,2.6235660911,3.18,2.3940316067,2.2966666667,2.345349,35.587489,53.96,56.46,WORLD_BANK_PINK_SHEET_MONTHLY
2019-01-01,2019,1,2.537124335,3.23,2.1193730051,2.262,2.190687,47.442365,56.5833333333,59.27,WORLD_BANK_PINK_SHEET_MONTHLY
2019-02-01,2019,2,2.3819713904,3.27,1.7209141712,2.155,1.937957,68.734387,61.1333333333,64.13,WORLD_BANK_PINK_SHEET_MONTHLY
2019-03-01,2019,3,2.3810223085,3.38,1.6305669254,2.1325,1.881533,79.640706,63.7866666667,66.41,WORLD_BANK_PINK_SHEET_MONTHLY
2019-04-01,2019,4,2.6470243057,3.34,2.345072917,2.256,2.300536,45.183528,68.5766666667,71.2,WORLD_BANK_PINK_SHEET_MONTHLY
2019-05-01,2019,5,2.7300252656,3.09,2.7075757966,2.3925,2.550038,21.17467,66.8333333333,70.53,WORLD_BANK_PINK_SHEET_MONTHLY
2019-06-01,2019,6,2.561954901,2.78,2.7508647031,2.155,2.452932,13.333741,59.76,63.3,WORLD_BANK_PINK_SHEET_MONTHLY
2019-07-01,2019,7,2.5795162508,2.84,2.9018820858,1.9966666667,2.449274,15.952709,61.4766666667,64,WORLD_BANK_PINK_SHEET_MONTHLY
2019-08-01,2019,8,2.6269387065,3.06,2.7108161195,2.11,2.410408,26.949459,57.67,59.25,WORLD_BANK_PINK_SHEET_MONTHLY
2019-09-01,2019,9,2.5433320526,2.88,2.5259961576,2.224,2.374998,21.263256,60.04,62.33,WORLD_BANK_PINK_SHEET_MONTHLY
2019-10-01,2019,10,2.5817884205,2.94,2.462031928,2.3433333333,2.402683,22.363227,57.2733333333,59.37,WORLD_BANK_PINK_SHEET_MONTHLY
2019-11-01,2019,11,2.6149636116,3.19,2.3573908349,2.2975,2.327445,37.060142,60.4033333333,62.74,WORLD_BANK_PINK_SHEET_MONTHLY
2019-12-01,2019,12,2.5681038499,3.21,2.2843115498,2.21,2.247156,42.84724,63.3533333333,65.85,WORLD_BANK_PINK_SHEET_MONTHLY
2020-01-01,2020,1,2.5076238087,3.27,1.9653714262,2.2875,2.126436,53.778456,61.6266666667,63.6,WORLD_BANK_PINK_SHEET_MONTHLY
2020-02-01,2020,2,2.3591170788,3.35,1.5998512365,2.1275,1.863676,79.752311,53.3466666667,55,WORLD_BANK_PINK_SHEET_MONTHLY
2020-03-01,2020,3,2.1339190966,3.08,1.3277572899,1.994,1.660879,85.444012,32.2033333333,32.98,WORLD_BANK_PINK_SHEET_MONTHLY
2020-04-01,2020,4,2.355843643,3.66,1.297530929,2.11,1.703765,114.8183,21.0433333333,23.34,WORLD_BANK_PINK_SHEET_MONTHLY
2020-05-01,2020,5,2.5072032289,3.76,1.7891096867,1.9725,1.880805,99.914415,30.38,31.02,WORLD_BANK_PINK_SHEET_MONTHLY
2020-06-01,2020,6,2.8358473703,3.3,3.3515421109,1.856,2.603771,26.739254,39.4566666667,39.93,WORLD_BANK_PINK_SHEET_MONTHLY
2020-07-01,2020,7,3.0401407819,3.32,3.9904223457,1.81,2.900211,14.474423,42.0666666667,42.81,WORLD_BANK_PINK_SHEET_MONTHLY
2020-08-01,2020,8,3.1485037179,3.37,4.0730111538,2.0025,3.037756,10.937168,43.4433333333,44.26,WORLD_BANK_PINK_SHEET_MONTHLY
2020-09-01,2020,9,3.079613204,3.35,3.8568396122,2.032,2.94442,13.774537,40.5966666667,41.09,WORLD_BANK_PINK_SHEET_MONTHLY
2020-10-01,2020,10,2.9974193485,3.51,3.5047580454,1.9775,2.741129,28.049427,39.9,40.47,WORLD_BANK_PINK_SHEET_MONTHLY
2020-11-01,2020,11,2.7794276016,3.47,2.883282805,1.985,2.434141,42.555399,42.3033333333,43.23,WORLD_BANK_PINK_SHEET_MONTHLY
2020-12-01,2020,12,2.6469430764,3.41,2.5958292294,1.935,2.265415,50.524322,48.7266666667,49.87,WORLD_BANK_PINK_SHEET_MONTHLY
2021-01-01,2021,1,2.6795255399,3.39,2.6210766196,2.0275,2.324288,45.851097,53.6033333333,54.55,WORLD_BANK_PINK_SHEET_MONTHLY
2021-02-01,2021,2,2.5554176964,3.32,2.3262530892,2.02,2.173127,52.775272,60.4633333333,61.96,WORLD_BANK_PINK_SHEET_MONTHLY
2021-03-01,2021,3,2.4297147143,3.27,2.0231441428,1.996,2.009572,62.72121,63.83,65.19,WORLD_BANK_PINK_SHEET_MONTHLY
2021-04-01,2021,4,2.6668015725,3.21,2.8754047174,1.915,2.395202,34.017904,62.95,64.77,WORLD_BANK_PINK_SHEET_MONTHLY
2021-05-01,2021,5,2.7118637157,3.08,3.1389244803,1.9166666667,2.527796,21.845296,66.4,68.04,WORLD_BANK_PINK_SHEET_MONTHLY
2021-06-01,2021,6,2.6985050645,2.93,3.3415151935,1.824,2.582758,13.444638,71.8033333333,73.07,WORLD_BANK_PINK_SHEET_MONTHLY
2021-07-01,2021,7,2.6525720553,2.99,3.2043828325,1.7633333333,2.483858,20.377248,73.2833333333,74.39,WORLD_BANK_PINK_SHEET_MONTHLY
2021-08-01,2021,8,2.7152308005,2.99,2.9996924015,2.156,2.577846,15.988301,68.8666666667,70.02,WORLD_BANK_PINK_SHEET_MONTHLY
2021-09-01,2021,9,2.7273601252,2.98,2.9845803756,2.2175,2.60104,14.569549,72.8,74.6,WORLD_BANK_PINK_SHEET_MONTHLY
2021-10-01,2021,10,2.7801812408,3.05,2.8755437226,2.415,2.645272,15.300058,82.0633333333,83.65,WORLD_BANK_PINK_SHEET_MONTHLY
2021-11-01,2021,11,2.8307637556,3.11,2.9072912668,2.475,2.691146,15.564166,79.9166666667,80.77,WORLD_BANK_PINK_SHEET_MONTHLY
2021-12-01,2021,12,2.8189078473,3.19,2.6726834532,2.615,2.643842,20.657752,72.8666666667,74.31,WORLD_BANK_PINK_SHEET_MONTHLY
2022-01-01,2022,1,2.8619020409,3.51,2.3982061226,2.6775,2.537853,38.30588,83.92,85.53,WORLD_BANK_PINK_SHEET_MONTHLY
2022-02-01,2022,2,2.788359099,3.61,2.0701106273,2.73,2.400055,50.4132,93.5433333333,95.76,WORLD_BANK_PINK_SHEET_MONTHLY
2022-03-01,2022,3,2.6136485446,3.35,1.9559456339,2.535,2.245473,49.189069,112.3966666667,115.59,WORLD_BANK_PINK_SHEET_MONTHLY
2022-04-01,2022,4,3.2406679157,4.09,3.1070037471,2.525,2.816002,45.241381,103.4133333333,105.78,WORLD_BANK_PINK_SHEET_MONTHLY
2022-05-01,2022,5,2.9852499358,3.71,2.8690831408,2.3766666667,2.622875,41.447844,110.0966666667,112.37,WORLD_BANK_PINK_SHEET_MONTHLY
2022-06-01,2022,6,2.9642773106,3.51,3.2728319317,2.11,2.691416,30.414624,116.8,120.08,WORLD_BANK_PINK_SHEET_MONTHLY
2022-07-01,2022,7,3.308573635,4.01,3.550720905,2.365,2.95786,35.570966,105.0833333333,108.92,WORLD_BANK_PINK_SHEET_MONTHLY
2022-08-01,2022,8,3.3693845046,4.21,3.538153514,2.36,2.949077,42.756542,95.9733333333,98.6,WORLD_BANK_PINK_SHEET_MONTHLY
2022-09-01,2022,9,3.3343993532,4.49,3.1531980595,2.36,2.756599,62.881868,88.22,90.16,WORLD_BANK_PINK_SHEET_MONTHLY
2022-10-01,2022,10,3.1468707909,4.15,2.8331123727,2.4575,2.645306,56.88165,90.3266666667,93.13,WORLD_BANK_PINK_SHEET_MONTHLY
2022-11-01,2022,11,3.0466595502,3.8,2.8499786507,2.49,2.669989,42.322666,87.3766666667,91.07,WORLD_BANK_PINK_SHEET_MONTHLY
2022-12-01,2022,12,2.9493940662,4.04,2.421515532,2.3866666667,2.404091,68.046876,78.0666666667,80.9,WORLD_BANK_PINK_SHEET_MONTHLY
2023-01-01,2023,1,2.7695719741,4.04,1.9412159224,2.3275,2.134358,89.284088,80.41,83.09,WORLD_BANK_PINK_SHEET_MONTHLY
2023-02-01,2023,2,2.7027579769,3.96,1.8582739308,2.29,2.074137,90.922782,80.2533333333,82.71,WORLD_BANK_PINK_SHEET_MONTHLY
2023-03-01,2023,3,2.6877732537,3.82,1.8458197611,2.3975,2.12166,80.047709,76.4733333333,78.53,WORLD_BANK_PINK_SHEET_MONTHLY
2023-04-01,2023,4,2.958038773,3.9,2.626616319,2.3475,2.487058,56.811773,82.46,84.11,WORLD_BANK_PINK_SHEET_MONTHLY
2023-05-01,2023,5,2.7122365638,3.43,2.4727096914,2.234,2.353355,45.749376,74.1233333333,75.7,WORLD_BANK_PINK_SHEET_MONTHLY
2023-06-01,2023,6,2.6945068103,3.2340862423,2.7644341886,2.085,2.424717,33.379942,73.2633333333,74.89,WORLD_BANK_PINK_SHEET_MONTHLY
2023-07-01,2023,7,2.4667046747,2.4752341865,2.8623798377,2.0625,2.46244,0.519577,78.9833333333,80.1,WORLD_BANK_PINK_SHEET_MONTHLY
2023-08-01,2023,8,2.8349639383,3.5785446888,2.6783471262,2.248,2.463174,45.281873,84.7243333333,86.163,WORLD_BANK_PINK_SHEET_MONTHLY
2023-09-01,2023,9,2.8469507612,3.6354613234,2.6528909601,2.2525,2.452695,48.223102,92.22,94,WORLD_BANK_PINK_SHEET_MONTHLY
2023-10-01,2023,10,2.7559612881,3.490143148,2.6152407162,2.1625,2.38887,46.100149,89.0836666667,91.061,WORLD_BANK_PINK_SHEET_MONTHLY
2023-11-01,2023,11,2.7412037104,3.4276824165,2.6184287146,2.1775,2.397964,42.941341,81.3543333333,83.183,WORLD_BANK_PINK_SHEET_MONTHLY
2023-12-01,2023,12,2.7140202037,3.6698974532,2.282163158,2.19,2.236082,64.121805,75.7193333333,77.858,WORLD_BANK_PINK_SHEET_MONTHLY
2024-01-01,2024,1,2.6577972535,4.008453782,1.7624379786,2.2025,1.982469,102.195031,77.6723333333,80.227,WORLD_BANK_PINK_SHEET_MONTHLY
2024-02-01,2024,2,2.7083573978,4.2727600808,1.6248121126,2.2275,1.926156,121.828344,80.548,83.764,WORLD_BANK_PINK_SHEET_MONTHLY
2024-03-01,2024,3,2.6865584884,4.333538507,1.5736369583,2.1525,1.863068,132.602213,83.5456666667,85.447,WORLD_BANK_PINK_SHEET_MONTHLY
2024-04-01,2024,4,3.033885271,4.1163895487,2.6618835572,2.3075,2.484692,65.670027,88.0113333333,90.054,WORLD_BANK_PINK_SHEET_MONTHLY
2024-05-01,2024,5,3.1955415363,4.2830484711,3.1302428044,2.1733333333,2.651788,61.515489,81.445,81.995,WORLD_BANK_PINK_SHEET_MONTHLY
2024-06-01,2024,6,3.2221197445,4.158875428,3.3649838054,2.1425,2.753742,51.026333,81.205,82.555,WORLD_BANK_PINK_SHEET_MONTHLY
2024-07-01,2024,7,3.2955404242,4.0973716321,3.5892496405,2.2,2.894625,41.551043,83.2586666667,85.296,WORLD_BANK_PINK_SHEET_MONTHLY
2024-08-01,2024,8,3.2248698804,4.0213412603,3.4582683809,2.195,2.826634,42.266066,78.121,80.863,WORLD_BANK_PINK_SHEET_MONTHLY
2024-09-01,2024,9,3.2684684135,4.0947235429,3.6131816976,2.0975,2.855341,43.40577,72.4243333333,74.293,WORLD_BANK_PINK_SHEET_MONTHLY
2024-10-01,2024,10,3.1455552474,4.0563194871,3.3143462553,2.066,2.690173,50.782842,73.9706666667,75.662,WORLD_BANK_PINK_SHEET_MONTHLY
2024-11-01,2024,11,3.0891678413,3.9578119107,3.0721916132,2.2375,2.654846,49.078786,72.2916666667,74.395,WORLD_BANK_PINK_SHEET_MONTHLY
2024-12-01,2024,12,2.9556557424,4.1122312519,2.5614026419,2.1933333333,2.377368,72.974116,72.311,73.833,WORLD_BANK_PINK_SHEET_MONTHLY
2025-01-01,2025,1,2.7754707008,4.0802699598,2.0036421427,2.2425,2.123071,92.187158,78.162,79.206,WORLD_BANK_PINK_SHEET_MONTHLY
2025-02-01,2025,2,2.6858823033,4.0038366838,1.8038102261,2.25,2.026905,97.53449,73.819,75.157,WORLD_BANK_PINK_SHEET_MONTHLY
2025-03-01,2025,3,2.6874102203,4.072602184,1.7671284769,2.2225,1.994814,104.15947,70.7013333333,72.574,WORLD_BANK_PINK_SHEET_MONTHLY
2025-04-01,2025,4,2.9064731982,3.9619694483,2.6499501464,2.1075,2.378725,66.558527,65.905,67.745,WORLD_BANK_PINK_SHEET_MONTHLY
2025-05-01,2025,5,3.0168331014,3.8906934002,3.2464725706,1.9133333333,2.579903,50.807742,62.7486666667,64.206,WORLD_BANK_PINK_SHEET_MONTHLY
2025-06-01,2025,6,2.9864804635,3.7418354072,3.2151059834,2.0025,2.608803,43.431122,69.1466666667,71.45,WORLD_BANK_PINK_SHEET_MONTHLY
2025-07-01,2025,7,3.0228372678,3.7990035209,3.2170082825,2.0525,2.634754,44.18816,69.1903333333,70.951,WORLD_BANK_PINK_SHEET_MONTHLY
2025-08-01,2025,8,3.0394086267,3.9776333698,3.0030925104,2.1375,2.570296,54.753887,66.7176666667,68.203,WORLD_BANK_PINK_SHEET_MONTHLY
2025-09-01,2025,9,2.935857147,4.0084831628,2.7215882781,2.0775,2.399544,67.051862,66.457,67.951,WORLD_BANK_PINK_SHEET_MONTHLY
2025-10-01,2025,10,3.0065011001,3.935585303,2.8589179972,2.225,2.541959,54.824893,63.0403333333,64.651,WORLD_BANK_PINK_SHEET_MONTHLY
2025-11-01,2025,11,2.9863306723,3.9646813726,2.7006175618,2.27,2.485309,59.5247,62.3363333333,63.609,WORLD_BANK_PINK_SHEET_MONTHLY
2025-12-01,2025,12,2.8760089781,3.9501101108,2.4212501569,2.2566666667,2.338958,68.883298,60.88,62.72,WORLD_BANK_PINK_SHEET_MONTHLY
