date,year,month,export_quantity_kg,export_value_usd,export_unit_value_usd_per_kg,reported_fob_usd_per_kg,export_conversion_lkr_per_usd,world_tea_average_usd_per_kg,tea_colombo_usd_per_kg,tea_kolkata_usd_per_kg,tea_mombasa_usd_per_kg,competitor_tea_average_usd_per_kg,colombo_premium_vs_competitors_pct,brent_crude_oil_usd_per_bbl,prior_year_reported_destination_count,prior_year_top_destination,prior_year_top_destination_iso,prior_year_top_destination_value_share,prior_year_top5_destination_value_share,prior_year_destination_value_hhi,source_ids,lag1_export_quantity_kg,lag1_export_value_usd,lag1_export_unit_value_usd_per_kg,lag1_export_conversion_lkr_per_usd,lag1_world_tea_average_usd_per_kg,lag1_tea_colombo_usd_per_kg,lag1_tea_kolkata_usd_per_kg,lag1_tea_mombasa_usd_per_kg,lag1_competitor_tea_average_usd_per_kg,lag1_brent_crude_oil_usd_per_bbl
2015-01-01,2015,1,24481000,113507225.4,4.636544,4.64,131.5508,2.6145454779,3.24,2.2836364337,2.32,2.301818,40.758292,48.07,147,Russian Federation,RUS,0.1418169396,0.4820442604,0.0623583842,CBSL_MBT_2016_01|CBSL_EXPORTS_MONTHLY_2_02|WORLD_BANK_PINK_SHEET_MONTHLY|UN_COMTRADE_HS0902_ANNUAL,,,,,,,,,,
2015-02-01,2015,2,23552000,108402296.69,4.602679,4.6,132.7293,2.4544432411,3.11,1.8358297233,2.4175,2.126665,46.238369,57.93,147,Russian Federation,RUS,0.1418169396,0.4820442604,0.0623583842,CBSL_MBT_2016_01|CBSL_EXPORTS_MONTHLY_2_02|WORLD_BANK_PINK_SHEET_MONTHLY|UN_COMTRADE_HS0902_ANNUAL,24481000,113507225.4,4.636544,131.5508,2.6145454779,3.24,2.2836364337,2.32,2.301818,48.07
2015-03-01,2015,3,25179000,113420532.81,4.504569,4.5,132.899,2.409350014,3.08,1.4240500421,2.724,2.074025,48.503512,55.79,147,Russian Federation,RUS,0.1418169396,0.4820442604,0.0623583842,CBSL_MBT_2016_01|CBSL_EXPORTS_MONTHLY_2_02|WORLD_BANK_PINK_SHEET_MONTHLY|UN_COMTRADE_HS0902_ANNUAL,23552000,108402296.69,4.602679,132.7293,2.4544432411,3.11,1.8358297233,2.4175,2.126665,57.93
2015-04-01,2015,4,22924000,102033305.8,4.450938,4.45,132.8993,2.6345432485,3.01,2.1261297456,2.7675,2.446815,23.017071,59.39,147,Russian Federation,RUS,0.1418169396,0.4820442604,0.0623583842,CBSL_MBT_2016_01|CBSL_EXPORTS_MONTHLY_2_02|WORLD_BANK_PINK_SHEET_MONTHLY|UN_COMTRADE_HS0902_ANNUAL,25179000,113420532.81,4.504569,132.899,2.409350014,3.08,1.4240500421,2.724,2.074025,55.79
2015-05-01,2015,5,27618000,123587318.48,4.474883,4.47,133.496,2.8860533853,2.97,2.5956601558,3.0925,2.84408,4.427439,64.56,147,Russian Federation,RUS,0.1418169396,0.4820442604,0.0623583842,CBSL_MBT_2016_01|CBSL_EXPORTS_MONTHLY_2_02|WORLD_BANK_PINK_SHEET_MONTHLY|UN_COMTRADE_HS0902_ANNUAL,22924000,102033305.8,4.450938,132.8993,2.6345432485,3.01,2.1261297456,2.7675,2.446815,59.39
2015-06-01,2015,6,27793000,121948425.6,4.387739,4.39,133.8952,2.9967368029,3.01,2.7122104086,3.268,2.990105,0.665354,62.34,147,Russian Federation,RUS,0.1418169396,0.4820442604,0.0623583842,CBSL_MBT_2016_01|CBSL_EXPORTS_MONTHLY_2_02|WORLD_BANK_PINK_SHEET_MONTHLY|UN_COMTRADE_HS0902_ANNUAL,27618000,123587318.48,4.474883,133.496,2.8860533853,2.97,2.5956601558,3.0925,2.84408,64.56
2015-07-01,2015,7,28737000,126515420.84,4.402527,4.4,133.686,3.0964765503,3.04,2.8569296509,3.3925,3.124715,-2.711122,55.87,147,Russian Federation,RUS,0.1418169396,0.4820442604,0.0623583842,CBSL_MBT_2016_01|CBSL_EXPORTS_MONTHLY_2_02|WORLD_BANK_PINK_SHEET_MONTHLY|UN_COMTRADE_HS0902_ANNUAL,27793000,121948425.6,4.387739,133.8952,2.9967368029,3.01,2.7122104086,3.268,2.990105,62.34
2015-08-01,2015,8,21188000,91767031.41,4.331085,4.33,133.8829,2.9590963931,2.91,2.7972891793,3.17,2.983645,-2.468276,46.99,147,Russian Federation,RUS,0.1418169396,0.4820442604,0.0623583842,CBSL_MBT_2016_01|CBSL_EXPORTS_MONTHLY_2_02|WORLD_BANK_PINK_SHEET_MONTHLY|UN_COMTRADE_HS0902_ANNUAL,28737000,126515420.84,4.402527,133.686,3.0964765503,3.04,2.8569296509,3.3925,3.124715,55.87
2015-09-01,2015,9,24626000,106306149.37,4.316826,4.32,138.8769,2.7815537048,2.65,2.5921611145,3.1025,2.847331,-6.930371,47.24,147,Russian Federation,RUS,0.1418169396,0.4820442604,0.0623583842,CBSL_MBT_2016_01|CBSL_EXPORTS_MONTHLY_2_02|WORLD_BANK_PINK_SHEET_MONTHLY|UN_COMTRADE_HS0902_ANNUAL,21188000,91767031.41,4.331085,133.8829,2.9590963931,2.91,2.7972891793,3.17,2.983645,46.99
2015-10-01,2015,10,29037000,119291782.16,4.108268,4.11,140.8945,2.8623742092,2.81,2.5371226276,3.24,2.888561,-2.719738,48.12,147,Russian Federation,RUS,0.1418169396,0.4820442604,0.0623583842,CBSL_MBT_2016_01|CBSL_EXPORTS_MONTHLY_2_02|WORLD_BANK_PINK_SHEET_MONTHLY|UN_COMTRADE_HS0902_ANNUAL,24626000,106306149.37,4.316826,138.8769,2.7815537048,2.65,2.5921611145,3.1025,2.847331,47.24
2015-11-01,2015,11,26398000,108513192.84,4.11066,4.11,142.0248,2.8215518527,2.92,2.489655558,3.055,2.772328,5.326651,44.42,147,Russian Federation,RUS,0.1418169396,0.4820442604,0.0623583842,CBSL_MBT_2016_01|CBSL_EXPORTS_MONTHLY_2_02|WORLD_BANK_PINK_SHEET_MONTHLY|UN_COMTRADE_HS0902_ANNUAL,29037000,119291782.16,4.108268,140.8945,2.8623742092,2.81,2.5371226276,3.24,2.888561,48.12
2015-12-01,2015,12,25433000,105204995.84,4.136555,4.14,143.4483,2.8090698932,2.95,2.4505430129,3.0266666667,2.738605,7.719082,37.72,147,Russian Federation,RUS,0.1418169396,0.4820442604,0.0623583842,CBSL_MBT_2016_01|CBSL_EXPORTS_MONTHLY_2_02|WORLD_BANK_PINK_SHEET_MONTHLY|UN_COMTRADE_HS0902_ANNUAL,26398000,108513192.84,4.11066,142.0248,2.8215518527,2.92,2.489655558,3.055,2.772328,44.42
2016-01-01,2016,1,24131000,99431990.55,4.120508,4.12,143.9403,2.5522033511,2.85,2.0841100534,2.7225,2.403305,18.586695,30.8,147,Russian Federation,RUS,0.1183827537,0.4698190591,0.0550783361,CBSL_MBT_2017_01|CBSL_EXPORTS_MONTHLY_2_02|WORLD_BANK_PINK_SHEET_MONTHLY|UN_COMTRADE_HS0902_ANNUAL,25433000,105204995.84,4.136555,143.4483,2.8090698932,2.95,2.4505430129,3.0266666667,2.738605,37.72
2016-02-01,2016,2,23607000,100983472.32,4.277692,4.28,143.9284,2.3517372743,2.83,1.7452118228,2.48,2.112606,33.957781,33.2,147,Russian Federation,RUS,0.1183827537,0.4698190591,0.0550783361,CBSL_MBT_2017_01|CBSL_EXPORTS_MONTHLY_2_02|WORLD_BANK_PINK_SHEET_MONTHLY|UN_COMTRADE_HS0902_ANNUAL,24131000,99431990.55,4.120508,143.9403,2.5522033511,2.85,2.0841100534,2.7225,2.403305,30.8
2016-03-01,2016,3,26716000,112708561.23,4.218766,4.22,143.9594,2.3128862265,2.87,1.7661586795,2.3025,2.034329,41.078435,39.07,147,Russian Federation,RUS,0.1183827537,0.4698190591,0.0550783361,CBSL_MBT_2017_01|CBSL_EXPORTS_MONTHLY_2_02|WORLD_BANK_PINK_SHEET_MONTHLY|UN_COMTRADE_HS0902_ANNUAL,23607000,100983472.32,4.277692,143.9284,2.3517372743,2.83,1.7452118228,2.48,2.112606,33.2
2016-04-01,2016,4,22176000,93201108.74,4.202792,4.2,143.9001,2.5375545113,2.99,2.510163534,2.1125,2.311332,29.362649,42.25,147,Russian Federation,RUS,0.1183827537,0.4698190591,0.0550783361,CBSL_MBT_2017_01|CBSL_EXPORTS_MONTHLY_2_02|WORLD_BANK_PINK_SHEET_MONTHLY|UN_COMTRADE_HS0902_ANNUAL,26716000,112708561.23,4.218766,143.9594,2.3128862265,2.87,1.7661586795,2.3025,2.034329,39.07
2016-05-01,2016,5,21264000,90151723.89,4.239641,4.24,145.6502,2.5748771626,3.08,2.4326314877,2.212,2.322316,32.626238,47.13,147,Russian Federation,RUS,0.1183827537,0.4698190591,0.0550783361,CBSL_MBT_2017_01|CBSL_EXPORTS_MONTHLY_2_02|WORLD_BANK_PINK_SHEET_MONTHLY|UN_COMTRADE_HS0902_ANNUAL,22176000,93201108.74,4.202792,143.9001,2.5375545113,2.99,2.510163534,2.1125,2.311332,42.25
2016-06-01,2016,6,28565000,121884334.73,4.266912,4.27,145.2836,2.6481127369,2.96,2.5768382107,2.4075,2.492169,18.772037,48.48,147,Russian Federation,RUS,0.1183827537,0.4698190591,0.0550783361,CBSL_MBT_2017_01|CBSL_EXPORTS_MONTHLY_2_02|WORLD_BANK_PINK_SHEET_MONTHLY|UN_COMTRADE_HS0902_ANNUAL,21264000,90151723.89,4.239641,145.6502,2.5748771626,3.08,2.4326314877,2.212,2.322316,47.13
2016-07-01,2016,7,25719000,107775803.74,4.190513,4.19,145.407,2.7724328782,3.18,2.7047986347,2.4325,2.568649,23.800473,45.07,147,Russian Federation,RUS,0.1183827537,0.4698190591,0.0550783361,CBSL_MBT_2017_01|CBSL_EXPORTS_MONTHLY_2_02|WORLD_BANK_PINK_SHEET_MONTHLY|UN_COMTRADE_HS0902_ANNUAL,28565000,121884334.73,4.266912,145.2836,2.6481127369,2.96,2.5768382107,2.4075,2.492169,48.48
2016-08-01,2016,8,25146000,108865260.89,4.329327,4.33,145.601,2.775235489,3.46,2.5557064669,2.31,2.432853,42.219841,46.14,147,Russian Federation,RUS,0.1183827537,0.4698190591,0.0550783361,CBSL_MBT_2017_01|CBSL_EXPORTS_MONTHLY_2_02|WORLD_BANK_PINK_SHEET_MONTHLY|UN_COMTRADE_HS0902_ANNUAL,25719000,107775803.74,4.190513,145.407,2.7724328782,3.18,2.7047986347,2.4325,2.568649,45.07
2016-09-01,2016,9,25433000,114850977.69,4.515825,4.52,145.7849,2.79071283,3.6,2.4421384901,2.33,2.386069,50.875755,46.19,147,Russian Federation,RUS,0.1183827537,0.4698190591,0.0550783361,CBSL_MBT_2017_01|CBSL_EXPORTS_MONTHLY_2_02|WORLD_BANK_PINK_SHEET_MONTHLY|UN_COMTRADE_HS0902_ANNUAL,25146000,108865260.89,4.329327,145.601,2.775235489,3.46,2.5557064669,2.31,2.432853,46.14
2016-10-01,2016,10,22929000,108063575.99,4.712965,4.71,146.8723,2.8882686299,3.88,2.3908058896,2.394,2.392403,62.180038,49.73,147,Russian Federation,RUS,0.1183827537,0.4698190591,0.0550783361,CBSL_MBT_2017_01|CBSL_EXPORTS_MONTHLY_2_02|WORLD_BANK_PINK_SHEET_MONTHLY|UN_COMTRADE_HS0902_ANNUAL,25433000,114850977.69,4.515825,145.7849,2.79071283,3.6,2.4421384901,2.33,2.386069,46.19
2016-11-01,2016,11,20473000,101298171.66,4.947891,4.95,147.771,3.0343618636,4.01,2.4130855909,2.68,2.546543,57.468392,46.44,147,Russian Federation,RUS,0.1183827537,0.4698190591,0.0550783361,CBSL_MBT_2017_01|CBSL_EXPORTS_MONTHLY_2_02|WORLD_BANK_PINK_SHEET_MONTHLY|UN_COMTRADE_HS0902_ANNUAL,22929000,108063575.99,4.712965,146.8723,2.8882686299,3.88,2.3908058896,2.394,2.392403,49.73
2016-12-01,2016,12,22612000,109817670.46,4.85661,4.86,148.882,2.9808206027,3.91,2.3591284748,2.6733333333,2.516231,55.391144,54.07,147,Russian Federation,RUS,0.1183827537,0.4698190591,0.0550783361,CBSL_MBT_2017_01|CBSL_EXPORTS_MONTHLY_2_02|WORLD_BANK_PINK_SHEET_MONTHLY|UN_COMTRADE_HS0902_ANNUAL,20473000,101298171.66,4.947891,147.771,3.0343618636,4.01,2.4130855909,2.68,2.546543,46.44
2017-01-01,2017,1,20174000,101562377.15,5.03432,5.03,150.0946,3.0441348483,3.95,2.1364045449,3.046,2.591202,52.438891,54.89,142,Iran,IRN,0.1231781882,0.4580714273,0.0555564289,CBSL_MBT_2018_01|CBSL_EXPORTS_MONTHLY_2_02|WORLD_BANK_PINK_SHEET_MONTHLY|UN_COMTRADE_HS0902_ANNUAL,22612000,109817670.46,4.85661,148.882,2.9808206027,3.91,2.3591284748,2.6733333333,2.516231,54.07
2017-02-01,2017,2,22448000,113919400.78,5.074813,5.07,150.8173,2.9601471322,3.97,1.8504413965,3.06,2.455221,61.696258,55.49,142,Iran,IRN,0.1231781882,0.4580714273,0.0555564289,CBSL_MBT_2018_01|CBSL_EXPORTS_MONTHLY_2_02|WORLD_BANK_PINK_SHEET_MONTHLY|UN_COMTRADE_HS0902_ANNUAL,20174000,101562377.15,5.03432,150.0946,3.0441348483,3.95,2.1364045449,3.046,2.591202,54.89
2017-03-01,2017,3,25785000,133661251.82,5.183682,5.18,151.4275,2.8743858089,4.01,1.6906574268,2.9225,2.306579,73.85056,51.97,142,Iran,IRN,0.1231781882,0.4580714273,0.0555564289,CBSL_MBT_2018_01|CBSL_EXPORTS_MONTHLY_2_02|WORLD_BANK_PINK_SHEET_MONTHLY|UN_COMTRADE_HS0902_ANNUAL,22448000,113919400.78,5.074813,150.8173,2.9601471322,3.97,1.8504413965,3.06,2.455221,55.49
2017-04-01,2017,4,20121000,109092846.71,5.42184,5.42,151.7595,3.0341561189,4.05,2.1799683567,2.8725,2.526234,60.317679,52.98,142,Iran,IRN,0.1231781882,0.4580714273,0.0555564289,CBSL_MBT_2018_01|CBSL_EXPORTS_MONTHLY_2_02|WORLD_BANK_PINK_SHEET_MONTHLY|UN_COMTRADE_HS0902_ANNUAL,25785000,133661251.82,5.183682,151.4275,2.8743858089,4.01,1.6906574268,2.9225,2.306579,51.97
2017-05-01,2017,5,24312000,131574546.73,5.411918,5.41,152.3344,3.1980497771,4.02,2.6341493312,2.94,2.787075,44.237255,50.87,142,Iran,IRN,0.1231781882,0.4580714273,0.0555564289,CBSL_MBT_2018_01|CBSL_EXPORTS_MONTHLY_2_02|WORLD_BANK_PINK_SHEET_MONTHLY|UN_COMTRADE_HS0902_ANNUAL,20121000,109092846.71,5.42184,151.7595,3.0341561189,4.05,2.1799683567,2.8725,2.526234,52.98
2017-06-01,2017,6,25848000,138576294.06,5.3612,5.36,152.8307,3.2376042981,3.95,2.6253128944,3.1375,2.881406,37.085832,46.89,142,Iran,IRN,0.1231781882,0.4580714273,0.0555564289,CBSL_MBT_2018_01|CBSL_EXPORTS_MONTHLY_2_02|WORLD_BANK_PINK_SHEET_MONTHLY|UN_COMTRADE_HS0902_ANNUAL,24312000,131574546.73,5.411918,152.3344,3.1980497771,4.02,2.6341493312,2.94,2.787075,50.87
2017-07-01,2017,7,26693000,143007260.1,5.357482,5.36,153.666,3.2258837909,3.86,2.8316513726,2.986,2.908826,32.699598,48.69,142,Iran,IRN,0.1231781882,0.4580714273,0.0555564289,CBSL_MBT_2018_01|CBSL_EXPORTS_MONTHLY_2_02|WORLD_BANK_PINK_SHEET_MONTHLY|UN_COMTRADE_HS0902_ANNUAL,25848000,138576294.06,5.3612,152.8307,3.2376042981,3.95,2.6253128944,3.1375,2.881406,46.89
2017-08-01,2017,8,24809000,131326762.59,5.293513,5.29,153.193,3.2644997906,4.13,2.7668327053,2.8966666667,2.83175,45.846224,51.37,142,Iran,IRN,0.1231781882,0.4580714273,0.0555564289,CBSL_MBT_2018_01|CBSL_EXPORTS_MONTHLY_2_02|WORLD_BANK_PINK_SHEET_MONTHLY|UN_COMTRADE_HS0902_ANNUAL,26693000,143007260.1,5.357482,153.666,3.2258837909,3.86,2.8316513726,2.986,2.908826,48.69
2017-09-01,2017,9,25632000,136911187.91,5.341417,5.34,152.8974,3.2817630231,4.27,2.6177890693,2.9575,2.787645,53.175914,55.16,142,Iran,IRN,0.1231781882,0.4580714273,0.0555564289,CBSL_MBT_2018_01|CBSL_EXPORTS_MONTHLY_2_02|WORLD_BANK_PINK_SHEET_MONTHLY|UN_COMTRADE_HS0902_ANNUAL,24809000,131326762.59,5.293513,153.193,3.2644997906,4.13,2.7668327053,2.8966666667,2.83175,51.37
2017-10-01,2017,10,25523000,136244940.17,5.338124,5.34,153.5262,3.2943355927,4.19,2.635006778,3.058,2.846503,47.198138,57.62,142,Iran,IRN,0.1231781882,0.4580714273,0.0555564289,CBSL_MBT_2018_01|CBSL_EXPORTS_MONTHLY_2_02|WORLD_BANK_PINK_SHEET_MONTHLY|UN_COMTRADE_HS0902_ANNUAL,25632000,136911187.91,5.341417,152.8974,3.2817630231,4.27,2.6177890693,2.9575,2.787645,55.16
2017-11-01,2017,11,23673000,126985021.04,5.364129,5.36,153.6599,3.2346425633,4.11,2.61392769,2.98,2.796964,46.945053,62.57,142,Iran,IRN,0.1231781882,0.4580714273,0.0555564289,CBSL_MBT_2018_01|CBSL_EXPORTS_MONTHLY_2_02|WORLD_BANK_PINK_SHEET_MONTHLY|UN_COMTRADE_HS0902_ANNUAL,25523000,136244940.17,5.338124,153.5262,3.2943355927,4.19,2.635006778,3.058,2.846503,57.62
2017-12-01,2017,12,23967000,126925932,5.295862,5.3,153.1506,3.1321481661,4.11,2.4964444984,2.79,2.643222,55.492033,64.21,142,Iran,IRN,0.1231781882,0.4580714273,0.0555564289,CBSL_MBT_2018_01|CBSL_EXPORTS_MONTHLY_2_02|WORLD_BANK_PINK_SHEET_MONTHLY|UN_COMTRADE_HS0902_ANNUAL,23673000,126985021.04,5.364129,153.6599,3.2346425633,4.11,2.61392769,2.98,2.796964,62.57
2018-01-01,2018,1,21000000,111786931.95,5.323187,5.32,153.8016,3.1022047416,4.16,2.1886142247,2.958,2.573307,61.659678,68.99,140,Türkiye,TUR,0.1207679472,0.4825271879,0.0597378887,CBSL_MBT_2019_01|CBSL_EXPORTS_MONTHLY_2_02|WORLD_BANK_PINK_SHEET_MONTHLY|UN_COMTRADE_HS0902_ANNUAL,23967000,126925932,5.295862,153.1506,3.1321481661,4.11,2.4964444984,2.79,2.643222,64.21
2018-02-01,2018,2,21752000,118220800.15,5.434939,5.44,154.8579,2.9995987059,4.1,1.9112961178,2.9875,2.449398,67.388064,65.42,140,Türkiye,TUR,0.1207679472,0.4825271879,0.0597378887,CBSL_MBT_2019_01|CBSL_EXPORTS_MONTHLY_2_02|WORLD_BANK_PINK_SHEET_MONTHLY|UN_COMTRADE_HS0902_ANNUAL,21000000,111786931.95,5.323187,153.8016,3.1022047416,4.16,2.1886142247,2.958,2.573307,68.99
2018-03-01,2018,3,26135000,138496873.79,5.299287,5.3,155.7288,2.8355024764,3.95,1.7515074292,2.805,2.278254,73.378407,66.45,140,Türkiye,TUR,0.1207679472,0.4825271879,0.0597378887,CBSL_MBT_2019_01|CBSL_EXPORTS_MONTHLY_2_02|WORLD_BANK_PINK_SHEET_MONTHLY|UN_COMTRADE_HS0902_ANNUAL,21752000,118220800.15,5.434939,154.8579,2.9995987059,4.1,1.9112961178,2.9875,2.449398,65.42
2018-04-01,2018,4,20879000,109629998.24,5.25073,5.25,156.1354,2.947843645,3.88,2.2785309349,2.685,2.481765,56.340317,71.63,140,Türkiye,TUR,0.1207679472,0.4825271879,0.0597378887,CBSL_MBT_2019_01|CBSL_EXPORTS_MONTHLY_2_02|WORLD_BANK_PINK_SHEET_MONTHLY|UN_COMTRADE_HS0902_ANNUAL,26135000,138496873.79,5.299287,155.7288,2.8355024764,3.95,1.7515074292,2.805,2.278254,66.45
2018-05-01,2018,5,23078000,121201518.62,5.251821,5.25,157.8994,3.0204523659,3.76,2.6863570976,2.615,2.650679,41.850471,76.65,140,Türkiye,TUR,0.1207679472,0.4825271879,0.0597378887,CBSL_MBT_2019_01|CBSL_EXPORTS_MONTHLY_2_02|WORLD_BANK_PINK_SHEET_MONTHLY|UN_COMTRADE_HS0902_ANNUAL,20879000,109629998.24,5.25073,156.1354,2.947843645,3.88,2.2785309349,2.685,2.481765,71.63
2018-06-01,2018,6,24744000,129605582.38,5.237859,5.24,159.0711,2.8678030204,3.39,2.690075728,2.5233333333,2.606705,30.049262,75.19,140,Türkiye,TUR,0.1207679472,0.4825271879,0.0597378887,CBSL_MBT_2019_01|CBSL_EXPORTS_MONTHLY_2_02|WORLD_BANK_PINK_SHEET_MONTHLY|UN_COMTRADE_HS0902_ANNUAL,23078000,121201518.62,5.251821,157.8994,3.0204523659,3.76,2.6863570976,2.615,2.650679,76.65
2018-07-01,2018,7,25212000,125225594.22,4.966904,4.97,159.3375,2.8885424474,3.41,2.7636273423,2.492,2.627814,29.765669,74.44,140,Türkiye,TUR,0.1207679472,0.4825271879,0.0597378887,CBSL_MBT_2019_01|CBSL_EXPORTS_MONTHLY_2_02|WORLD_BANK_PINK_SHEET_MONTHLY|UN_COMTRADE_HS0902_ANNUAL,24744000,129605582.38,5.237859,159.0711,2.8678030204,3.39,2.690075728,2.5233333333,2.606705,75.19
2018-08-01,2018,8,23855000,116065144.35,4.865443,4.87,160.3539,2.7741047282,3.34,2.5873141847,2.395,2.491157,34.074242,73.13,140,Türkiye,TUR,0.1207679472,0.4825271879,0.0597378887,CBSL_MBT_2019_01|CBSL_EXPORTS_MONTHLY_2_02|WORLD_BANK_PINK_SHEET_MONTHLY|UN_COMTRADE_HS0902_ANNUAL,25212000,125225594.22,4.966904,159.3375,2.8885424474,3.41,2.7636273423,2.492,2.627814,74.44
2018-09-01,2018,9,25681000,122519794.68,4.770834,4.77,164.4153,2.6716127127,3.25,2.3523381382,2.4125,2.382419,36.415967,78.86,140,Türkiye,TUR,0.1207679472,0.4825271879,0.0597378887,CBSL_MBT_2019_01|CBSL_EXPORTS_MONTHLY_2_02|WORLD_BANK_PINK_SHEET_MONTHLY|UN_COMTRADE_HS0902_ANNUAL,23855000,116065144.35,4.865443,160.3539,2.7741047282,3.34,2.5873141847,2.395,2.491157,73.13
2018-10-01,2018,10,23355000,115494720.17,4.945182,4.95,171.2249,2.7366844304,3.48,2.3140532912,2.416,2.365027,47.14422,80.47,140,Türkiye,TUR,0.1207679472,0.4825271879,0.0597378887,CBSL_MBT_2019_01|CBSL_EXPORTS_MONTHLY_2_02|WORLD_BANK_PINK_SHEET_MONTHLY|UN_COMTRADE_HS0902_ANNUAL,25681000,122519794.68,4.770834,164.4153,2.6716127127,3.25,2.3523381382,2.4125,2.382419,78.86
2018-11-01,2018,11,21323000,103163345.37,4.838125,4.84,176.8496,2.7017389016,3.36,2.3877167047,2.3575,2.372608,41.616293,65.17,140,Türkiye,TUR,0.1207679472,0.4825271879,0.0597378887,CBSL_MBT_2019_01|CBSL_EXPORTS_MONTHLY_2_02|WORLD_BANK_PINK_SHEET_MONTHLY|UN_COMTRADE_HS0902_ANNUAL,23355000,115494720.17,4.945182,171.2249,2.7366844304,3.48,2.3140532912,2.416,2.365027,80.47
2018-12-01,2018,12,25350000,117058820.19,4.617705,4.62,180.098,2.6235660911,3.18,2.3940316067,2.2966666667,2.345349,35.587489,56.46,140,Türkiye,TUR,0.1207679472,0.4825271879,0.0597378887,CBSL_MBT_2019_01|CBSL_EXPORTS_MONTHLY_2_02|WORLD_BANK_PINK_SHEET_MONTHLY|UN_COMTRADE_HS0902_ANNUAL,21323000,103163345.37,4.838125,176.8496,2.7017389016,3.36,2.3877167047,2.3575,2.372608,65.17
2019-01-01,2019,1,23674000,110766060.38,4.678806,4.68,182.1277,2.537124335,3.23,2.1193730051,2.262,2.190687,47.442365,59.27,82,TURKEY,,0.1162095828,0.4553267172,0.0562340874,CBSL_MBT_2020_01|CBSL_EXPORTS_MONTHLY_2_02|WORLD_BANK_PINK_SHEET_MONTHLY|SRI_LANKA_COMMERCE_TEA_BUYERS_2018,25350000,117058820.19,4.617705,180.098,2.6235660911,3.18,2.3940316067,2.2966666667,2.345349,56.46
2019-02-01,2019,2,23543000,110603927.63,4.697954,4.7,178.7331,2.3819713904,3.27,1.7209141712,2.155,1.937957,68.734387,64.13,82,TURKEY,,0.1162095828,0.4553267172,0.0562340874,CBSL_MBT_2020_01|CBSL_EXPORTS_MONTHLY_2_02|WORLD_BANK_PINK_SHEET_MONTHLY|SRI_LANKA_COMMERCE_TEA_BUYERS_2018,23674000,110766060.38,4.678806,182.1277,2.537124335,3.23,2.1193730051,2.262,2.190687,59.27
2019-03-01,2019,3,26408000,125873797.96,4.766502,4.77,178.4298,2.3810223085,3.38,1.6305669254,2.1325,1.881533,79.640706,66.41,82,TURKEY,,0.1162095828,0.4553267172,0.0562340874,CBSL_MBT_2020_01|CBSL_EXPORTS_MONTHLY_2_02|WORLD_BANK_PINK_SHEET_MONTHLY|SRI_LANKA_COMMERCE_TEA_BUYERS_2018,23543000,110603927.63,4.697954,178.7331,2.3819713904,3.27,1.7209141712,2.155,1.937957,64.13
2019-04-01,2019,4,20794000,98971392.27,4.759613,4.76,174.8012,2.6470243057,3.34,2.345072917,2.256,2.300536,45.183528,71.2,82,TURKEY,,0.1162095828,0.4553267172,0.0562340874,CBSL_MBT_2020_01|CBSL_EXPORTS_MONTHLY_2_02|WORLD_BANK_PINK_SHEET_MONTHLY|SRI_LANKA_COMMERCE_TEA_BUYERS_2018,26408000,125873797.96,4.766502,178.4298,2.3810223085,3.38,1.6305669254,2.1325,1.881533,66.41
2019-05-01,2019,5,26621000,125557467.22,4.716482,4.72,176.4447,2.7300252656,3.09,2.7075757966,2.3925,2.550038,21.17467,70.53,82,TURKEY,,0.1162095828,0.4553267172,0.0562340874,CBSL_MBT_2020_01|CBSL_EXPORTS_MONTHLY_2_02|WORLD_BANK_PINK_SHEET_MONTHLY|SRI_LANKA_COMMERCE_TEA_BUYERS_2018,20794000,98971392.27,4.759613,174.8012,2.6470243057,3.34,2.345072917,2.256,2.300536,71.2
2019-06-01,2019,6,24104000,113175280.3,4.69529,4.7,176.5889,2.561954901,2.78,2.7508647031,2.155,2.452932,13.333741,63.3,82,TURKEY,,0.1162095828,0.4553267172,0.0562340874,CBSL_MBT_2020_01|CBSL_EXPORTS_MONTHLY_2_02|WORLD_BANK_PINK_SHEET_MONTHLY|SRI_LANKA_COMMERCE_TEA_BUYERS_2018,26621000,125557467.22,4.716482,176.4447,2.7300252656,3.09,2.7075757966,2.3925,2.550038,70.53
2019-07-01,2019,7,24893000,111308884.92,4.471493,4.47,175.9902,2.5795162508,2.84,2.9018820858,1.9966666667,2.449274,15.952709,64,82,TURKEY,,0.1162095828,0.4553267172,0.0562340874,CBSL_MBT_2020_01|CBSL_EXPORTS_MONTHLY_2_02|WORLD_BANK_PINK_SHEET_MONTHLY|SRI_LANKA_COMMERCE_TEA_BUYERS_2018,24104000,113175280.3,4.69529,176.5889,2.561954901,2.78,2.7508647031,2.155,2.452932,63.3
2019-08-01,2019,8,26205000,118736424.9,4.53106,4.53,177.9705,2.6269387065,3.06,2.7108161195,2.11,2.410408,26.949459,59.25,82,TURKEY,,0.1162095828,0.4553267172,0.0562340874,CBSL_MBT_2020_01|CBSL_EXPORTS_MONTHLY_2_02|WORLD_BANK_PINK_SHEET_MONTHLY|SRI_LANKA_COMMERCE_TEA_BUYERS_2018,24893000,111308884.92,4.471493,175.9902,2.5795162508,2.84,2.9018820858,1.9966666667,2.449274,64
2019-09-01,2019,9,24853000,110354331.87,4.440282,4.44,180.7752,2.5433320526,2.88,2.5259961576,2.224,2.374998,21.263256,62.33,82,TURKEY,,0.1162095828,0.4553267172,0.0562340874,CBSL_MBT_2020_01|CBSL_EXPORTS_MONTHLY_2_02|WORLD_BANK_PINK_SHEET_MONTHLY|SRI_LANKA_COMMERCE_TEA_BUYERS_2018,26205000,118736424.9,4.53106,177.9705,2.6269387065,3.06,2.7108161195,2.11,2.410408,59.25
2019-10-01,2019,10,25850000,113792570.43,4.402034,4.4,181.4511,2.5817884205,2.94,2.462031928,2.3433333333,2.402683,22.363227,59.37,82,TURKEY,,0.1162095828,0.4553267172,0.0562340874,CBSL_MBT_2020_01|CBSL_EXPORTS_MONTHLY_2_02|WORLD_BANK_PINK_SHEET_MONTHLY|SRI_LANKA_COMMERCE_TEA_BUYERS_2018,24853000,110354331.87,4.440282,180.7752,2.5433320526,2.88,2.5259961576,2.224,2.374998,62.33
2019-11-01,2019,11,21976000,101454167.62,4.616589,4.62,180.3729,2.6149636116,3.19,2.3573908349,2.2975,2.327445,37.060142,62.74,82,TURKEY,,0.1162095828,0.4553267172,0.0562340874,CBSL_MBT_2020_01|CBSL_EXPORTS_MONTHLY_2_02|WORLD_BANK_PINK_SHEET_MONTHLY|SRI_LANKA_COMMERCE_TEA_BUYERS_2018,25850000,113792570.43,4.402034,181.4511,2.5817884205,2.94,2.462031928,2.3433333333,2.402683,59.37
2019-12-01,2019,12,23736000,105806078.72,4.45762,4.46,181.2539,2.5681038499,3.21,2.2843115498,2.21,2.247156,42.84724,65.85,82,TURKEY,,0.1162095828,0.4553267172,0.0562340874,CBSL_MBT_2020_01|CBSL_EXPORTS_MONTHLY_2_02|WORLD_BANK_PINK_SHEET_MONTHLY|SRI_LANKA_COMMERCE_TEA_BUYERS_2018,21976000,101454167.62,4.616589,180.3729,2.6149636116,3.19,2.3573908349,2.2975,2.327445,62.74
2020-01-01,2020,1,22094445,99734888.43,4.514026,4.514,181.4036,2.5076238087,3.27,1.9653714262,2.2875,2.126436,53.778456,63.6,145,Türkiye,TUR,0.1220988778,0.4251811179,0.0517683884,CBSL_EXTERNAL_SECTOR_TABLE_33|CBSL_EXPORTS_MONTHLY_2_02|WORLD_BANK_PINK_SHEET_MONTHLY|UN_COMTRADE_HS0902_ANNUAL,23736000,105806078.72,4.45762,181.2539,2.5681038499,3.21,2.2843115498,2.21,2.247156,65.85
2020-02-01,2020,2,23657005,107804241.73,4.556969,4.557,181.5628,2.3591170788,3.35,1.5998512365,2.1275,1.863676,79.752311,55,145,Türkiye,TUR,0.1220988778,0.4251811179,0.0517683884,CBSL_EXTERNAL_SECTOR_TABLE_33|CBSL_EXPORTS_MONTHLY_2_02|WORLD_BANK_PINK_SHEET_MONTHLY|UN_COMTRADE_HS0902_ANNUAL,22094445,99734888.43,4.514026,181.4036,2.5076238087,3.27,1.9653714262,2.2875,2.126436,63.6
2020-03-01,2020,3,13827940,62523204.98,4.521513,4.5215,185.0567,2.1339190966,3.08,1.3277572899,1.994,1.660879,85.444012,32.98,145,Türkiye,TUR,0.1220988778,0.4251811179,0.0517683884,CBSL_EXTERNAL_SECTOR_TABLE_33|CBSL_EXPORTS_MONTHLY_2_02|WORLD_BANK_PINK_SHEET_MONTHLY|UN_COMTRADE_HS0902_ANNUAL,23657005,107804241.73,4.556969,181.5628,2.3591170788,3.35,1.5998512365,2.1275,1.863676,55
2020-04-01,2020,4,18157883,78374068.9,4.316256,4.3163,193.0854,2.355843643,3.66,1.297530929,2.11,1.703765,114.8183,23.34,145,Türkiye,TUR,0.1220988778,0.4251811179,0.0517683884,CBSL_EXTERNAL_SECTOR_TABLE_33|CBSL_EXPORTS_MONTHLY_2_02|WORLD_BANK_PINK_SHEET_MONTHLY|UN_COMTRADE_HS0902_ANNUAL,13827940,62523204.98,4.521513,185.0567,2.1339190966,3.08,1.3277572899,1.994,1.660879,32.98
2020-05-01,2020,5,22663265,108290711,4.778248,4.7782,187.865,2.5072032289,3.76,1.7891096867,1.9725,1.880805,99.914415,31.02,145,Türkiye,TUR,0.1220988778,0.4251811179,0.0517683884,CBSL_EXTERNAL_SECTOR_TABLE_33|CBSL_EXPORTS_MONTHLY_2_02|WORLD_BANK_PINK_SHEET_MONTHLY|UN_COMTRADE_HS0902_ANNUAL,18157883,78374068.9,4.316256,193.0854,2.355843643,3.66,1.297530929,2.11,1.703765,23.34
2020-06-01,2020,6,23686372,114931186.34,4.852207,4.8522,185.9545,2.8358473703,3.3,3.3515421109,1.856,2.603771,26.739254,39.93,145,Türkiye,TUR,0.1220988778,0.4251811179,0.0517683884,CBSL_EXTERNAL_SECTOR_TABLE_33|CBSL_EXPORTS_MONTHLY_2_02|WORLD_BANK_PINK_SHEET_MONTHLY|UN_COMTRADE_HS0902_ANNUAL,22663265,108290711,4.778248,187.865,2.5072032289,3.76,1.7891096867,1.9725,1.880805,31.02
2020-07-01,2020,7,28044797,130930666.7,4.668626,4.6686,185.8487,3.0401407819,3.32,3.9904223457,1.81,2.900211,14.474423,42.81,145,Türkiye,TUR,0.1220988778,0.4251811179,0.0517683884,CBSL_EXTERNAL_SECTOR_TABLE_33|CBSL_EXPORTS_MONTHLY_2_02|WORLD_BANK_PINK_SHEET_MONTHLY|UN_COMTRADE_HS0902_ANNUAL,23686372,114931186.34,4.852207,185.9545,2.8358473703,3.3,3.3515421109,1.856,2.603771,39.93
2020-08-01,2020,8,22011088,102975005.77,4.678324,4.6783,184.8939,3.1485037179,3.37,4.0730111538,2.0025,3.037756,10.937168,44.26,145,Türkiye,TUR,0.1220988778,0.4251811179,0.0517683884,CBSL_EXTERNAL_SECTOR_TABLE_33|CBSL_EXPORTS_MONTHLY_2_02|WORLD_BANK_PINK_SHEET_MONTHLY|UN_COMTRADE_HS0902_ANNUAL,28044797,130930666.7,4.668626,185.8487,3.0401407819,3.32,3.9904223457,1.81,2.900211,42.81
2020-09-01,2020,9,24153155,113992942.94,4.719588,4.7196,185.0317,3.079613204,3.35,3.8568396122,2.032,2.94442,13.774537,41.09,145,Türkiye,TUR,0.1220988778,0.4251811179,0.0517683884,CBSL_EXTERNAL_SECTOR_TABLE_33|CBSL_EXPORTS_MONTHLY_2_02|WORLD_BANK_PINK_SHEET_MONTHLY|UN_COMTRADE_HS0902_ANNUAL,22011088,102975005.77,4.678324,184.8939,3.1485037179,3.37,4.0730111538,2.0025,3.037756,44.26
2020-10-01,2020,10,23119423,112218156.14,4.853848,4.8538,184.4379,2.9974193485,3.51,3.5047580454,1.9775,2.741129,28.049427,40.47,145,Türkiye,TUR,0.1220988778,0.4251811179,0.0517683884,CBSL_EXTERNAL_SECTOR_TABLE_33|CBSL_EXPORTS_MONTHLY_2_02|WORLD_BANK_PINK_SHEET_MONTHLY|UN_COMTRADE_HS0902_ANNUAL,24153155,113992942.94,4.719588,185.0317,3.079613204,3.35,3.8568396122,2.032,2.94442,41.09
2020-11-01,2020,11,20223528,96200234.88,4.756847,4.7568,184.7882,2.7794276016,3.47,2.883282805,1.985,2.434141,42.555399,43.23,145,Türkiye,TUR,0.1220988778,0.4251811179,0.0517683884,CBSL_EXTERNAL_SECTOR_TABLE_33|CBSL_EXPORTS_MONTHLY_2_02|WORLD_BANK_PINK_SHEET_MONTHLY|UN_COMTRADE_HS0902_ANNUAL,23119423,112218156.14,4.853848,184.4379,2.9974193485,3.51,3.5047580454,1.9775,2.741129,40.47
2020-12-01,2020,12,23930636,112971088.79,4.720773,4.7208,187.1822,2.6469430764,3.41,2.5958292294,1.935,2.265415,50.524322,49.87,145,Türkiye,TUR,0.1220988778,0.4251811179,0.0517683884,CBSL_EXTERNAL_SECTOR_TABLE_33|CBSL_EXPORTS_MONTHLY_2_02|WORLD_BANK_PINK_SHEET_MONTHLY|UN_COMTRADE_HS0902_ANNUAL,20223528,96200234.88,4.756847,184.7882,2.7794276016,3.47,2.883282805,1.985,2.434141,43.23
2021-01-01,2021,1,20820037,100988513.66,4.850544,4.8505,190.4918,2.6795255399,3.39,2.6210766196,2.0275,2.324288,45.851097,54.55,145,Türkiye,TUR,0.1358258871,0.4368789738,0.0551306378,CBSL_EXTERNAL_SECTOR_TABLE_33|CBSL_EXPORTS_MONTHLY_2_02|WORLD_BANK_PINK_SHEET_MONTHLY|UN_COMTRADE_HS0902_ANNUAL,23930636,112971088.79,4.720773,187.1822,2.6469430764,3.41,2.5958292294,1.935,2.265415,49.87
2021-02-01,2021,2,23252139,112533313.05,4.839697,4.8397,194.0665,2.5554176964,3.32,2.3262530892,2.02,2.173127,52.775272,61.96,145,Türkiye,TUR,0.1358258871,0.4368789738,0.0551306378,CBSL_EXTERNAL_SECTOR_TABLE_33|CBSL_EXPORTS_MONTHLY_2_02|WORLD_BANK_PINK_SHEET_MONTHLY|UN_COMTRADE_HS0902_ANNUAL,20820037,100988513.66,4.850544,190.4918,2.6795255399,3.39,2.6210766196,2.0275,2.324288,54.55
2021-03-01,2021,3,25814895,124605804.3,4.826896,4.8269,196.9825,2.4297147143,3.27,2.0231441428,1.996,2.009572,62.72121,65.19,145,Türkiye,TUR,0.1358258871,0.4368789738,0.0551306378,CBSL_EXTERNAL_SECTOR_TABLE_33|CBSL_EXPORTS_MONTHLY_2_02|WORLD_BANK_PINK_SHEET_MONTHLY|UN_COMTRADE_HS0902_ANNUAL,23252139,112533313.05,4.839697,194.0665,2.5554176964,3.32,2.3262530892,2.02,2.173127,61.96
2021-04-01,2021,4,16313621,79256009.93,4.858272,4.8583,197.423,2.6668015725,3.21,2.8754047174,1.915,2.395202,34.017904,64.77,145,Türkiye,TUR,0.1358258871,0.4368789738,0.0551306378,CBSL_EXTERNAL_SECTOR_TABLE_33|CBSL_EXPORTS_MONTHLY_2_02|WORLD_BANK_PINK_SHEET_MONTHLY|UN_COMTRADE_HS0902_ANNUAL,25814895,124605804.3,4.826896,196.9825,2.4297147143,3.27,2.0231441428,1.996,2.009572,65.19
2021-05-01,2021,5,23788245,109233158.18,4.591896,4.5919,199.5847,2.7118637157,3.08,3.1389244803,1.9166666667,2.527796,21.845296,68.04,145,Türkiye,TUR,0.1358258871,0.4368789738,0.0551306378,CBSL_EXTERNAL_SECTOR_TABLE_33|CBSL_EXPORTS_MONTHLY_2_02|WORLD_BANK_PINK_SHEET_MONTHLY|UN_COMTRADE_HS0902_ANNUAL,16313621,79256009.93,4.858272,197.423,2.6668015725,3.21,2.8754047174,1.915,2.395202,64.77
2021-06-01,2021,6,26993872,123914458.39,4.590466,4.5905,199.8161,2.6985050645,2.93,3.3415151935,1.824,2.582758,13.444638,73.07,145,Türkiye,TUR,0.1358258871,0.4368789738,0.0551306378,CBSL_EXTERNAL_SECTOR_TABLE_33|CBSL_EXPORTS_MONTHLY_2_02|WORLD_BANK_PINK_SHEET_MONTHLY|UN_COMTRADE_HS0902_ANNUAL,23788245,109233158.18,4.591896,199.5847,2.7118637157,3.08,3.1389244803,1.9166666667,2.527796,68.04
2021-07-01,2021,7,25541936,115124129.52,4.507259,4.5073,199.9778,2.6525720553,2.99,3.2043828325,1.7633333333,2.483858,20.377248,74.39,145,Türkiye,TUR,0.1358258871,0.4368789738,0.0551306378,CBSL_EXTERNAL_SECTOR_TABLE_33|CBSL_EXPORTS_MONTHLY_2_02|WORLD_BANK_PINK_SHEET_MONTHLY|UN_COMTRADE_HS0902_ANNUAL,26993872,123914458.39,4.590466,199.8161,2.6985050645,2.93,3.3415151935,1.824,2.582758,73.07
2021-08-01,2021,8,25691180,116790157.41,4.545924,4.5459,200.4965,2.7152308005,2.99,2.9996924015,2.156,2.577846,15.988301,70.02,145,Türkiye,TUR,0.1358258871,0.4368789738,0.0551306378,CBSL_EXTERNAL_SECTOR_TABLE_33|CBSL_EXPORTS_MONTHLY_2_02|WORLD_BANK_PINK_SHEET_MONTHLY|UN_COMTRADE_HS0902_ANNUAL,25541936,115124129.52,4.507259,199.9778,2.6525720553,2.99,3.2043828325,1.7633333333,2.483858,74.39
2021-09-01,2021,9,23423506,104119312.82,4.445078,4.4451,201.9858,2.7273601252,2.98,2.9845803756,2.2175,2.60104,14.569549,74.6,145,Türkiye,TUR,0.1358258871,0.4368789738,0.0551306378,CBSL_EXTERNAL_SECTOR_TABLE_33|CBSL_EXPORTS_MONTHLY_2_02|WORLD_BANK_PINK_SHEET_MONTHLY|UN_COMTRADE_HS0902_ANNUAL,25691180,116790157.41,4.545924,200.4965,2.7152308005,2.99,2.9996924015,2.156,2.577846,70.02
2021-10-01,2021,10,24338348,109534940.28,4.500508,4.5005,201.0899,2.7801812408,3.05,2.8755437226,2.415,2.645272,15.300058,83.65,145,Türkiye,TUR,0.1358258871,0.4368789738,0.0551306378,CBSL_EXTERNAL_SECTOR_TABLE_33|CBSL_EXPORTS_MONTHLY_2_02|WORLD_BANK_PINK_SHEET_MONTHLY|UN_COMTRADE_HS0902_ANNUAL,23423506,104119312.82,4.445078,201.9858,2.7273601252,2.98,2.9845803756,2.2175,2.60104,74.6
2021-11-01,2021,11,25870126,117645515.69,4.547543,4.5475,201.8582,2.8307637556,3.11,2.9072912668,2.475,2.691146,15.564166,80.77,145,Türkiye,TUR,0.1358258871,0.4368789738,0.0551306378,CBSL_EXTERNAL_SECTOR_TABLE_33|CBSL_EXPORTS_MONTHLY_2_02|WORLD_BANK_PINK_SHEET_MONTHLY|UN_COMTRADE_HS0902_ANNUAL,24338348,109534940.28,4.500508,201.0899,2.7801812408,3.05,2.8755437226,2.415,2.645272,83.65
2021-12-01,2021,12,24168316,110628785.85,4.57743,4.5774,201.399,2.8189078473,3.19,2.6726834532,2.615,2.643842,20.657752,74.31,145,Türkiye,TUR,0.1358258871,0.4368789738,0.0551306378,CBSL_EXTERNAL_SECTOR_TABLE_33|CBSL_EXPORTS_MONTHLY_2_02|WORLD_BANK_PINK_SHEET_MONTHLY|UN_COMTRADE_HS0902_ANNUAL,25870126,117645515.69,4.547543,201.8582,2.8307637556,3.11,2.9072912668,2.475,2.691146,80.77
2022-01-01,2022,1,19382003,91226234.11,4.70675,4.7067,201.4647,2.8619020409,3.51,2.3982061226,2.6775,2.537853,38.30588,85.53,144,Iraq,IRQ,0.105729,0.4274727987,0.0505973665,CBSL_EXTERNAL_SECTOR_TABLE_33|CBSL_EXPORTS_MONTHLY_2_02|WORLD_BANK_PINK_SHEET_MONTHLY|UN_COMTRADE_HS0902_ANNUAL,24168316,110628785.85,4.57743,201.399,2.8189078473,3.19,2.6726834532,2.615,2.643842,74.31
2022-02-01,2022,2,21145139,100861567.64,4.769965,4.77,201.7362,2.788359099,3.61,2.0701106273,2.73,2.400055,50.4132,95.76,144,Iraq,IRQ,0.105729,0.4274727987,0.0505973665,CBSL_EXTERNAL_SECTOR_TABLE_33|CBSL_EXPORTS_MONTHLY_2_02|WORLD_BANK_PINK_SHEET_MONTHLY|UN_COMTRADE_HS0902_ANNUAL,19382003,91226234.11,4.70675,201.4647,2.8619020409,3.51,2.3982061226,2.6775,2.537853,85.53
2022-03-01,2022,3,23173997,94680823.02,4.085649,4.0856,255.8081,2.6136485446,3.35,1.9559456339,2.535,2.245473,49.189069,115.59,144,Iraq,IRQ,0.105729,0.4274727987,0.0505973665,CBSL_EXTERNAL_SECTOR_TABLE_33|CBSL_EXPORTS_MONTHLY_2_02|WORLD_BANK_PINK_SHEET_MONTHLY|UN_COMTRADE_HS0902_ANNUAL,21145139,100861567.64,4.769965,201.7362,2.788359099,3.61,2.0701106273,2.73,2.400055,95.76
2022-04-01,2022,4,18295885,80443004.53,4.396781,4.3968,319.4404,3.2406679157,4.09,3.1070037471,2.525,2.816002,45.241381,105.78,144,Iraq,IRQ,0.105729,0.4274727987,0.0505973665,CBSL_EXTERNAL_SECTOR_TABLE_33|CBSL_EXPORTS_MONTHLY_2_02|WORLD_BANK_PINK_SHEET_MONTHLY|UN_COMTRADE_HS0902_ANNUAL,23173997,94680823.02,4.085649,255.8081,2.6136485446,3.35,1.9559456339,2.535,2.245473,115.59
2022-05-01,2022,5,19721894,93688830.49,4.750499,4.7505,358.939,2.9852499358,3.71,2.8690831408,2.3766666667,2.622875,41.447844,112.37,144,Iraq,IRQ,0.105729,0.4274727987,0.0505973665,CBSL_EXTERNAL_SECTOR_TABLE_33|CBSL_EXPORTS_MONTHLY_2_02|WORLD_BANK_PINK_SHEET_MONTHLY|UN_COMTRADE_HS0902_ANNUAL,18295885,80443004.53,4.396781,319.4404,3.2406679157,4.09,3.1070037471,2.525,2.816002,105.78
2022-06-01,2022,6,23578202,116478006.11,4.940072,4.9401,360.2428,2.9642773106,3.51,3.2728319317,2.11,2.691416,30.414624,120.08,144,Iraq,IRQ,0.105729,0.4274727987,0.0505973665,CBSL_EXTERNAL_SECTOR_TABLE_33|CBSL_EXPORTS_MONTHLY_2_02|WORLD_BANK_PINK_SHEET_MONTHLY|UN_COMTRADE_HS0902_ANNUAL,19721894,93688830.49,4.750499,358.939,2.9852499358,3.71,2.8690831408,2.3766666667,2.622875,112.37
2022-07-01,2022,7,22756491,117526382.55,5.164521,5.1645,360.8724,3.308573635,4.01,3.550720905,2.365,2.95786,35.570966,108.92,144,Iraq,IRQ,0.105729,0.4274727987,0.0505973665,CBSL_EXTERNAL_SECTOR_TABLE_33|CBSL_EXPORTS_MONTHLY_2_02|WORLD_BANK_PINK_SHEET_MONTHLY|UN_COMTRADE_HS0902_ANNUAL,23578202,116478006.11,4.940072,360.2428,2.9642773106,3.51,3.2728319317,2.11,2.691416,120.08
2022-08-01,2022,8,23009529,124406231.01,5.406727,5.4067,360.9983,3.3693845046,4.21,3.538153514,2.36,2.949077,42.756542,98.6,144,Iraq,IRQ,0.105729,0.4274727987,0.0505973665,CBSL_EXTERNAL_SECTOR_TABLE_33|CBSL_EXPORTS_MONTHLY_2_02|WORLD_BANK_PINK_SHEET_MONTHLY|UN_COMTRADE_HS0902_ANNUAL,22756491,117526382.55,5.164521,360.8724,3.308573635,4.01,3.550720905,2.365,2.95786,108.92
2022-09-01,2022,9,21544890,117814798.55,5.468341,5.4683,362.3826,3.3343993532,4.49,3.1531980595,2.36,2.756599,62.881868,90.16,144,Iraq,IRQ,0.105729,0.4274727987,0.0505973665,CBSL_EXTERNAL_SECTOR_TABLE_33|CBSL_EXPORTS_MONTHLY_2_02|WORLD_BANK_PINK_SHEET_MONTHLY|UN_COMTRADE_HS0902_ANNUAL,23009529,124406231.01,5.406727,360.9983,3.3693845046,4.21,3.538153514,2.36,2.949077,98.6
2022-10-01,2022,10,19002138,108704969.25,5.72067,5.7207,363.1484,3.1468707909,4.15,2.8331123727,2.4575,2.645306,56.88165,93.13,144,Iraq,IRQ,0.105729,0.4274727987,0.0505973665,CBSL_EXTERNAL_SECTOR_TABLE_33|CBSL_EXPORTS_MONTHLY_2_02|WORLD_BANK_PINK_SHEET_MONTHLY|UN_COMTRADE_HS0902_ANNUAL,21544890,117814798.55,5.468341,362.3826,3.3343993532,4.49,3.1531980595,2.36,2.756599,90.16
2022-11-01,2022,11,19276885,105671949.56,5.481796,5.4818,363.394,3.0466595502,3.8,2.8499786507,2.49,2.669989,42.322666,91.07,144,Iraq,IRQ,0.105729,0.4274727987,0.0505973665,CBSL_EXTERNAL_SECTOR_TABLE_33|CBSL_EXPORTS_MONTHLY_2_02|WORLD_BANK_PINK_SHEET_MONTHLY|UN_COMTRADE_HS0902_ANNUAL,19002138,108704969.25,5.72067,363.1484,3.1468707909,4.15,2.8331123727,2.4575,2.645306,93.13
2022-12-01,2022,12,19304472,107297849.44,5.558186,5.5582,363.1652,2.9493940662,4.04,2.421515532,2.3866666667,2.404091,68.046876,80.9,144,Iraq,IRQ,0.105729,0.4274727987,0.0505973665,CBSL_EXTERNAL_SECTOR_TABLE_33|CBSL_EXPORTS_MONTHLY_2_02|WORLD_BANK_PINK_SHEET_MONTHLY|UN_COMTRADE_HS0902_ANNUAL,19276885,105671949.56,5.481796,363.394,3.0466595502,3.8,2.8499786507,2.49,2.669989,91.07
2023-01-01,2023,1,17556069,99562243.83,5.671101,5.6711,362.4228,2.7695719741,4.04,1.9412159224,2.3275,2.134358,89.284088,83.09,146,Iraq,IRQ,0.1172802518,0.4281805866,0.0526563679,CBSL_EXTERNAL_SECTOR_TABLE_33|CBSL_EXPORTS_MONTHLY_2_02|WORLD_BANK_PINK_SHEET_MONTHLY|UN_COMTRADE_HS0902_ANNUAL,19304472,107297849.44,5.558186,363.1652,2.9493940662,4.04,2.421515532,2.3866666667,2.404091,80.9
2023-02-01,2023,2,18551535,104564196.54,5.636418,5.6364,361.9766,2.7027579769,3.96,1.8582739308,2.29,2.074137,90.922782,82.71,146,Iraq,IRQ,0.1172802518,0.4281805866,0.0526563679,CBSL_EXTERNAL_SECTOR_TABLE_33|CBSL_EXPORTS_MONTHLY_2_02|WORLD_BANK_PINK_SHEET_MONTHLY|UN_COMTRADE_HS0902_ANNUAL,17556069,99562243.83,5.671101,362.4228,2.7695719741,4.04,1.9412159224,2.3275,2.134358,83.09
2023-03-01,2023,3,17975769,110148468.82,6.127608,6.1276,329.4709,2.6877732537,3.82,1.8458197611,2.3975,2.12166,80.047709,78.53,146,Iraq,IRQ,0.1172802518,0.4281805866,0.0526563679,CBSL_EXTERNAL_SECTOR_TABLE_33|CBSL_EXPORTS_MONTHLY_2_02|WORLD_BANK_PINK_SHEET_MONTHLY|UN_COMTRADE_HS0902_ANNUAL,18551535,104564196.54,5.636418,361.9766,2.7027579769,3.96,1.8582739308,2.29,2.074137,82.71
2023-04-01,2023,4,16168067,93390144.18,5.77621,5.7762,321.4244,2.958038773,3.9,2.626616319,2.3475,2.487058,56.811773,84.11,146,Iraq,IRQ,0.1172802518,0.4281805866,0.0526563679,CBSL_EXTERNAL_SECTOR_TABLE_33|CBSL_EXPORTS_MONTHLY_2_02|WORLD_BANK_PINK_SHEET_MONTHLY|UN_COMTRADE_HS0902_ANNUAL,17975769,110148468.82,6.127608,329.4709,2.6877732537,3.82,1.8458197611,2.3975,2.12166,78.53
2023-05-01,2023,5,20552409,116329958.27,5.660162,5.6602,310.1639,2.7122365638,3.43,2.4727096914,2.234,2.353355,45.749376,75.7,146,Iraq,IRQ,0.1172802518,0.4281805866,0.0526563679,CBSL_EXTERNAL_SECTOR_TABLE_33|CBSL_EXPORTS_MONTHLY_2_02|WORLD_BANK_PINK_SHEET_MONTHLY|UN_COMTRADE_HS0902_ANNUAL,16168067,93390144.18,5.77621,321.4244,2.958038773,3.9,2.626616319,2.3475,2.487058,84.11
2023-06-01,2023,6,21414192,111525118.39,5.208,5.208,301.2612,2.6945068103,3.2340862423,2.7644341886,2.085,2.424717,33.379942,74.89,146,Iraq,IRQ,0.1172802518,0.4281805866,0.0526563679,CBSL_EXTERNAL_SECTOR_TABLE_33|CBSL_EXPORTS_MONTHLY_2_02|WORLD_BANK_PINK_SHEET_MONTHLY|UN_COMTRADE_HS0902_ANNUAL,20552409,116329958.27,5.660162,310.1639,2.7122365638,3.43,2.4727096914,2.234,2.353355,75.7
2023-07-01,2023,7,22771100,115200401.76,5.059062,5.0591,319.2903,2.4667046747,2.4752341865,2.8623798377,2.0625,2.46244,0.519577,80.1,146,Iraq,IRQ,0.1172802518,0.4281805866,0.0526563679,CBSL_EXTERNAL_SECTOR_TABLE_33|CBSL_EXPORTS_MONTHLY_2_02|WORLD_BANK_PINK_SHEET_MONTHLY|UN_COMTRADE_HS0902_ANNUAL,21414192,111525118.39,5.208,301.2612,2.6945068103,3.2340862423,2.7644341886,2.085,2.424717,74.89
2023-08-01,2023,8,23332144,119633480.85,5.127411,5.1274,321.5764,2.8349639383,3.5785446888,2.6783471262,2.248,2.463174,45.281873,86.163,146,Iraq,IRQ,0.1172802518,0.4281805866,0.0526563679,CBSL_EXTERNAL_SECTOR_TABLE_33|CBSL_EXPORTS_MONTHLY_2_02|WORLD_BANK_PINK_SHEET_MONTHLY|UN_COMTRADE_HS0902_ANNUAL,22771100,115200401.76,5.059062,319.2903,2.4667046747,2.4752341865,2.8623798377,2.0625,2.46244,80.1
2023-09-01,2023,9,23165510,119957472.06,5.178279,5.1783,322.7693,2.8469507612,3.6354613234,2.6528909601,2.2525,2.452695,48.223102,94,146,Iraq,IRQ,0.1172802518,0.4281805866,0.0526563679,CBSL_EXTERNAL_SECTOR_TABLE_33|CBSL_EXPORTS_MONTHLY_2_02|WORLD_BANK_PINK_SHEET_MONTHLY|UN_COMTRADE_HS0902_ANNUAL,23332144,119633480.85,5.127411,321.5764,2.8349639383,3.5785446888,2.6783471262,2.248,2.463174,86.163
2023-10-01,2023,10,18211627,95633478.43,5.251232,5.2512,324.7303,2.7559612881,3.490143148,2.6152407162,2.1625,2.38887,46.100149,91.061,146,Iraq,IRQ,0.1172802518,0.4281805866,0.0526563679,CBSL_EXTERNAL_SECTOR_TABLE_33|CBSL_EXPORTS_MONTHLY_2_02|WORLD_BANK_PINK_SHEET_MONTHLY|UN_COMTRADE_HS0902_ANNUAL,23165510,119957472.06,5.178279,322.7693,2.8469507612,3.6354613234,2.6528909601,2.2525,2.452695,94
2023-11-01,2023,11,21460156,112826141.68,5.257471,5.2575,328.25,2.7412037104,3.4276824165,2.6184287146,2.1775,2.397964,42.941341,83.183,146,Iraq,IRQ,0.1172802518,0.4281805866,0.0526563679,CBSL_EXTERNAL_SECTOR_TABLE_33|CBSL_EXPORTS_MONTHLY_2_02|WORLD_BANK_PINK_SHEET_MONTHLY|UN_COMTRADE_HS0902_ANNUAL,18211627,95633478.43,5.251232,324.7303,2.7559612881,3.490143148,2.6152407162,2.1625,2.38887,91.061
2023-12-01,2023,12,20754286,111119974.92,5.354074,5.3541,326.7423,2.7140202037,3.6698974532,2.282163158,2.19,2.236082,64.121805,77.858,146,Iraq,IRQ,0.1172802518,0.4281805866,0.0526563679,CBSL_EXTERNAL_SECTOR_TABLE_33|CBSL_EXPORTS_MONTHLY_2_02|WORLD_BANK_PINK_SHEET_MONTHLY|UN_COMTRADE_HS0902_ANNUAL,21460156,112826141.68,5.257471,328.25,2.7412037104,3.4276824165,2.6184287146,2.1775,2.397964,83.183
2024-01-01,2024,1,18764022,102178576.93,5.445452,5.4455,321.1706,2.6577972535,4.008453782,1.7624379786,2.2025,1.982469,102.195031,80.227,145,Türkiye,TUR,0.1216913651,0.4290875603,0.0519590378,CBSL_EXTERNAL_SECTOR_TABLE_33|CBSL_EXPORTS_MONTHLY_2_02|WORLD_BANK_PINK_SHEET_MONTHLY|UN_COMTRADE_HS0902_ANNUAL,20754286,111119974.92,5.354074,326.7423,2.7140202037,3.6698974532,2.282163158,2.19,2.236082,77.858
2024-02-01,2024,2,22312355,127731552.48,5.724701,5.7247,312.5801,2.7083573978,4.2727600808,1.6248121126,2.2275,1.926156,121.828344,83.764,145,Türkiye,TUR,0.1216913651,0.4290875603,0.0519590378,CBSL_EXTERNAL_SECTOR_TABLE_33|CBSL_EXPORTS_MONTHLY_2_02|WORLD_BANK_PINK_SHEET_MONTHLY|UN_COMTRADE_HS0902_ANNUAL,18764022,102178576.93,5.445452,321.1706,2.6577972535,4.008453782,1.7624379786,2.2025,1.982469,80.227
2024-03-01,2024,3,21251718,124859608.73,5.875271,5.8753,305.665,2.6865584884,4.333538507,1.5736369583,2.1525,1.863068,132.602213,85.447,145,Türkiye,TUR,0.1216913651,0.4290875603,0.0519590378,CBSL_EXTERNAL_SECTOR_TABLE_33|CBSL_EXPORTS_MONTHLY_2_02|WORLD_BANK_PINK_SHEET_MONTHLY|UN_COMTRADE_HS0902_ANNUAL,22312355,127731552.48,5.724701,312.5801,2.7083573978,4.2727600808,1.6248121126,2.2275,1.926156,83.764
2024-04-01,2024,4,16376414,95464113.49,5.829366,5.8294,299.4232,3.033885271,4.1163895487,2.6618835572,2.3075,2.484692,65.670027,90.054,145,Türkiye,TUR,0.1216913651,0.4290875603,0.0519590378,CBSL_EXTERNAL_SECTOR_TABLE_33|CBSL_EXPORTS_MONTHLY_2_02|WORLD_BANK_PINK_SHEET_MONTHLY|UN_COMTRADE_HS0902_ANNUAL,21251718,124859608.73,5.875271,305.665,2.6865584884,4.333538507,1.5736369583,2.1525,1.863068,85.447
2024-05-01,2024,5,19452061,115030221.19,5.913524,5.9135,299.6923,3.1955415363,4.2830484711,3.1302428044,2.1733333333,2.651788,61.515489,81.995,145,Türkiye,TUR,0.1216913651,0.4290875603,0.0519590378,CBSL_EXTERNAL_SECTOR_TABLE_33|CBSL_EXPORTS_MONTHLY_2_02|WORLD_BANK_PINK_SHEET_MONTHLY|UN_COMTRADE_HS0902_ANNUAL,16376414,95464113.49,5.829366,299.4232,3.033885271,4.1163895487,2.6618835572,2.3075,2.484692,90.054
2024-06-01,2024,6,20956318,121746347.94,5.80953,5.8095,303.8121,3.2221197445,4.158875428,3.3649838054,2.1425,2.753742,51.026333,82.555,145,Türkiye,TUR,0.1216913651,0.4290875603,0.0519590378,CBSL_EXTERNAL_SECTOR_TABLE_33|CBSL_EXPORTS_MONTHLY_2_02|WORLD_BANK_PINK_SHEET_MONTHLY|UN_COMTRADE_HS0902_ANNUAL,19452061,115030221.19,5.913524,299.6923,3.1955415363,4.2830484711,3.1302428044,2.1733333333,2.651788,81.995
2024-07-01,2024,7,21355847,124701535.74,5.839222,5.8392,303.7559,3.2955404242,4.0973716321,3.5892496405,2.2,2.894625,41.551043,85.296,145,Türkiye,TUR,0.1216913651,0.4290875603,0.0519590378,CBSL_EXTERNAL_SECTOR_TABLE_33|CBSL_EXPORTS_MONTHLY_2_02|WORLD_BANK_PINK_SHEET_MONTHLY|UN_COMTRADE_HS0902_ANNUAL,20956318,121746347.94,5.80953,303.8121,3.2221197445,4.158875428,3.3649838054,2.1425,2.753742,82.555
2024-08-01,2024,8,22092451,130544852.62,5.909025,5.909,300.6683,3.2248698804,4.0213412603,3.4582683809,2.195,2.826634,42.266066,80.863,145,Türkiye,TUR,0.1216913651,0.4290875603,0.0519590378,CBSL_EXTERNAL_SECTOR_TABLE_33|CBSL_EXPORTS_MONTHLY_2_02|WORLD_BANK_PINK_SHEET_MONTHLY|UN_COMTRADE_HS0902_ANNUAL,21355847,124701535.74,5.839222,303.7559,3.2955404242,4.0973716321,3.5892496405,2.2,2.894625,85.296
2024-09-01,2024,9,19795865,117037571.95,5.912223,5.9122,301.1505,3.2684684135,4.0947235429,3.6131816976,2.0975,2.855341,43.40577,74.293,145,Türkiye,TUR,0.1216913651,0.4290875603,0.0519590378,CBSL_EXTERNAL_SECTOR_TABLE_33|CBSL_EXPORTS_MONTHLY_2_02|WORLD_BANK_PINK_SHEET_MONTHLY|UN_COMTRADE_HS0902_ANNUAL,22092451,130544852.62,5.909025,300.6683,3.2248698804,4.0213412603,3.4582683809,2.195,2.826634,80.863
2024-10-01,2024,10,20792781,126814333.52,6.09896,6.099,293.7851,3.1455552474,4.0563194871,3.3143462553,2.066,2.690173,50.782842,75.662,145,Türkiye,TUR,0.1216913651,0.4290875603,0.0519590378,CBSL_EXTERNAL_SECTOR_TABLE_33|CBSL_EXPORTS_MONTHLY_2_02|WORLD_BANK_PINK_SHEET_MONTHLY|UN_COMTRADE_HS0902_ANNUAL,19795865,117037571.95,5.912223,301.1505,3.2684684135,4.0947235429,3.6131816976,2.0975,2.855341,74.293
2024-11-01,2024,11,20071895,118150831.67,5.886382,5.8864,292.0092,3.0891678413,3.9578119107,3.0721916132,2.2375,2.654846,49.078786,74.395,145,Türkiye,TUR,0.1216913651,0.4290875603,0.0519590378,CBSL_EXTERNAL_SECTOR_TABLE_33|CBSL_EXPORTS_MONTHLY_2_02|WORLD_BANK_PINK_SHEET_MONTHLY|UN_COMTRADE_HS0902_ANNUAL,20792781,126814333.52,6.09896,293.7851,3.1455552474,4.0563194871,3.3143462553,2.066,2.690173,75.662
2024-12-01,2024,12,22566299,131604419.89,5.831901,5.8319,291.6805,2.9556557424,4.1122312519,2.5614026419,2.1933333333,2.377368,72.974116,73.833,145,Türkiye,TUR,0.1216913651,0.4290875603,0.0519590378,CBSL_EXTERNAL_SECTOR_TABLE_33|CBSL_EXPORTS_MONTHLY_2_02|WORLD_BANK_PINK_SHEET_MONTHLY|UN_COMTRADE_HS0902_ANNUAL,20071895,118150831.67,5.886382,292.0092,3.0891678413,3.9578119107,3.0721916132,2.2375,2.654846,74.395
2025-01-01,2025,1,19374540,112695138.09,5.816661,5.8167,296.1796,2.7754707008,4.0802699598,2.0036421427,2.2425,2.123071,92.187158,79.206,146,Iraq,IRQ,0.1073839031,0.4113870522,0.0492501249,CBSL_EXTERNAL_SECTOR_TABLE_33|CBSL_EXPORTS_MONTHLY_2_02|WORLD_BANK_PINK_SHEET_MONTHLY|UN_COMTRADE_HS0902_ANNUAL,22566299,131604419.89,5.831901,291.6805,2.9556557424,4.1122312519,2.5614026419,2.1933333333,2.377368,73.833
2025-02-01,2025,2,20398316,119413653.71,5.854094,5.8541,296.8034,2.6858823033,4.0038366838,1.8038102261,2.25,2.026905,97.53449,75.157,146,Iraq,IRQ,0.1073839031,0.4113870522,0.0492501249,CBSL_EXTERNAL_SECTOR_TABLE_33|CBSL_EXPORTS_MONTHLY_2_02|WORLD_BANK_PINK_SHEET_MONTHLY|UN_COMTRADE_HS0902_ANNUAL,19374540,112695138.09,5.816661,296.1796,2.7754707008,4.0802699598,2.0036421427,2.2425,2.123071,79.206
2025-03-01,2025,3,23433058,138832848.4,5.924658,5.9247,295.909,2.6874102203,4.072602184,1.7671284769,2.2225,1.994814,104.15947,72.574,146,Iraq,IRQ,0.1073839031,0.4113870522,0.0492501249,CBSL_EXTERNAL_SECTOR_TABLE_33|CBSL_EXPORTS_MONTHLY_2_02|WORLD_BANK_PINK_SHEET_MONTHLY|UN_COMTRADE_HS0902_ANNUAL,20398316,119413653.71,5.854094,296.8034,2.6858823033,4.0038366838,1.8038102261,2.25,2.026905,75.157
2025-04-01,2025,4,18204840,107345865.28,5.896556,5.8966,298.5312,2.9064731982,3.9619694483,2.6499501464,2.1075,2.378725,66.558527,67.745,146,Iraq,IRQ,0.1073839031,0.4113870522,0.0492501249,CBSL_EXTERNAL_SECTOR_TABLE_33|CBSL_EXPORTS_MONTHLY_2_02|WORLD_BANK_PINK_SHEET_MONTHLY|UN_COMTRADE_HS0902_ANNUAL,23433058,138832848.4,5.924658,295.909,2.6874102203,4.072602184,1.7671284769,2.2225,1.994814,72.574
2025-05-01,2025,5,22131695,131806839.37,5.955569,5.9556,299.4142,3.0168331014,3.8906934002,3.2464725706,1.9133333333,2.579903,50.807742,64.206,146,Iraq,IRQ,0.1073839031,0.4113870522,0.0492501249,CBSL_EXTERNAL_SECTOR_TABLE_33|CBSL_EXPORTS_MONTHLY_2_02|WORLD_BANK_PINK_SHEET_MONTHLY|UN_COMTRADE_HS0902_ANNUAL,18204840,107345865.28,5.896556,298.5312,2.9064731982,3.9619694483,2.6499501464,2.1075,2.378725,67.745
2025-06-01,2025,6,23266215,132977344.13,5.71547,5.7155,299.9014,2.9864804635,3.7418354072,3.2151059834,2.0025,2.608803,43.431122,71.45,146,Iraq,IRQ,0.1073839031,0.4113870522,0.0492501249,CBSL_EXTERNAL_SECTOR_TABLE_33|CBSL_EXPORTS_MONTHLY_2_02|WORLD_BANK_PINK_SHEET_MONTHLY|UN_COMTRADE_HS0902_ANNUAL,22131695,131806839.37,5.955569,299.4142,3.0168331014,3.8906934002,3.2464725706,1.9133333333,2.579903,64.206
2025-07-01,2025,7,24038409,141019710.32,5.866433,5.8664,301.1217,3.0228372678,3.7990035209,3.2170082825,2.0525,2.634754,44.18816,70.951,146,Iraq,IRQ,0.1073839031,0.4113870522,0.0492501249,CBSL_EXTERNAL_SECTOR_TABLE_33|CBSL_EXPORTS_MONTHLY_2_02|WORLD_BANK_PINK_SHEET_MONTHLY|UN_COMTRADE_HS0902_ANNUAL,23266215,132977344.13,5.71547,299.9014,2.9864804635,3.7418354072,3.2151059834,2.0025,2.608803,71.45
2025-08-01,2025,8,23703772,141940455.95,5.988096,5.9881,301.4891,3.0394086267,3.9776333698,3.0030925104,2.1375,2.570296,54.753887,68.203,146,Iraq,IRQ,0.1073839031,0.4113870522,0.0492501249,CBSL_EXTERNAL_SECTOR_TABLE_33|CBSL_EXPORTS_MONTHLY_2_02|WORLD_BANK_PINK_SHEET_MONTHLY|UN_COMTRADE_HS0902_ANNUAL,24038409,141019710.32,5.866433,301.1217,3.0228372678,3.7990035209,3.2170082825,2.0525,2.634754,70.951
2025-09-01,2025,9,23776054,137013108.96,5.762651,5.7627,302.1955,2.935857147,4.0084831628,2.7215882781,2.0775,2.399544,67.051862,67.951,146,Iraq,IRQ,0.1073839031,0.4113870522,0.0492501249,CBSL_EXTERNAL_SECTOR_TABLE_33|CBSL_EXPORTS_MONTHLY_2_02|WORLD_BANK_PINK_SHEET_MONTHLY|UN_COMTRADE_HS0902_ANNUAL,23703772,141940455.95,5.988096,301.4891,3.0394086267,3.9776333698,3.0030925104,2.1375,2.570296,68.203
2025-10-01,2025,10,21885827,126540042.6,5.781826,5.7818,303.1305,3.0065011001,3.935585303,2.8589179972,2.225,2.541959,54.824893,64.651,146,Iraq,IRQ,0.1073839031,0.4113870522,0.0492501249,CBSL_EXTERNAL_SECTOR_TABLE_33|CBSL_EXPORTS_MONTHLY_2_02|WORLD_BANK_PINK_SHEET_MONTHLY|UN_COMTRADE_HS0902_ANNUAL,23776054,137013108.96,5.762651,302.1955,2.935857147,4.0084831628,2.7215882781,2.0775,2.399544,67.951
2025-11-01,2025,11,19359297,111778797.03,5.773908,5.7739,306.347,2.9863306723,3.9646813726,2.7006175618,2.27,2.485309,59.5247,63.609,146,Iraq,IRQ,0.1073839031,0.4113870522,0.0492501249,CBSL_EXTERNAL_SECTOR_TABLE_33|CBSL_EXPORTS_MONTHLY_2_02|WORLD_BANK_PINK_SHEET_MONTHLY|UN_COMTRADE_HS0902_ANNUAL,21885827,126540042.6,5.781826,303.1305,3.0065011001,3.935585303,2.8589179972,2.225,2.541959,64.651
2025-12-01,2025,12,17868847,105820513.1,5.922067,5.9221,309.2009,2.8760089781,3.9501101108,2.4212501569,2.2566666667,2.338958,68.883298,62.72,146,Iraq,IRQ,0.1073839031,0.4113870522,0.0492501249,CBSL_EXTERNAL_SECTOR_TABLE_33|CBSL_EXPORTS_MONTHLY_2_02|WORLD_BANK_PINK_SHEET_MONTHLY|UN_COMTRADE_HS0902_ANNUAL,19359297,111778797.03,5.773908,306.347,2.9863306723,3.9646813726,2.7006175618,2.27,2.485309,63.609
