date,year,month,export_quantity_kg,export_quantity_metric_tons,export_value_usd,export_value_lkr,export_unit_value_usd_per_kg,reported_fob_usd_per_kg,export_conversion_lkr_per_usd,quantity_source_id,value_source_id,quantity_and_reported_fob_are_provisional_in_source,export_value_is_provisional_in_current_cbsl_table
2015-01-01,2015,1,24481000,24481,113507225.4,14931966307,4.636544,4.64,131.5508,CBSL_MBT_2016_01,CBSL_EXPORTS_MONTHLY_2_02,true,false
2015-02-01,2015,2,23552000,23552,108402296.69,14388160958,4.602679,4.6,132.7293,CBSL_MBT_2016_01,CBSL_EXPORTS_MONTHLY_2_02,true,false
2015-03-01,2015,3,25179000,25179,113420532.81,15073475390,4.504569,4.5,132.899,CBSL_MBT_2016_01,CBSL_EXPORTS_MONTHLY_2_02,true,false
2015-04-01,2015,4,22924000,22924,102033305.8,13560154917,4.450938,4.45,132.8993,CBSL_MBT_2016_01,CBSL_EXPORTS_MONTHLY_2_02,true,false
2015-05-01,2015,5,27618000,27618,123587318.48,16498412668,4.474883,4.47,133.496,CBSL_MBT_2016_01,CBSL_EXPORTS_MONTHLY_2_02,true,false
2015-06-01,2015,6,27793000,27793,121948425.6,16328308835,4.387739,4.39,133.8952,CBSL_MBT_2016_01,CBSL_EXPORTS_MONTHLY_2_02,true,false
2015-07-01,2015,7,28737000,28737,126515420.84,16913340551,4.402527,4.4,133.686,CBSL_MBT_2016_01,CBSL_EXPORTS_MONTHLY_2_02,true,false
2015-08-01,2015,8,21188000,21188,91767031.41,12286036289,4.331085,4.33,133.8829,CBSL_MBT_2016_01,CBSL_EXPORTS_MONTHLY_2_02,true,false
2015-09-01,2015,9,24626000,24626,106306149.37,14763468476,4.316826,4.32,138.8769,CBSL_MBT_2016_01,CBSL_EXPORTS_MONTHLY_2_02,true,false
2015-10-01,2015,10,29037000,29037,119291782.16,16807556002,4.108268,4.11,140.8945,CBSL_MBT_2016_01,CBSL_EXPORTS_MONTHLY_2_02,true,false
2015-11-01,2015,11,26398000,26398,108513192.84,15411564511,4.11066,4.11,142.0248,CBSL_MBT_2016_01,CBSL_EXPORTS_MONTHLY_2_02,true,false
2015-12-01,2015,12,25433000,25433,105204995.84,15091477805,4.136555,4.14,143.4483,CBSL_MBT_2016_01,CBSL_EXPORTS_MONTHLY_2_02,true,false
2016-01-01,2016,1,24131000,24131,99431990.55,14312270550,4.120508,4.12,143.9403,CBSL_MBT_2017_01,CBSL_EXPORTS_MONTHLY_2_02,true,false
2016-02-01,2016,2,23607000,23607,100983472.32,14534389598,4.277692,4.28,143.9284,CBSL_MBT_2017_01,CBSL_EXPORTS_MONTHLY_2_02,true,false
2016-03-01,2016,3,26716000,26716,112708561.23,16225456849,4.218766,4.22,143.9594,CBSL_MBT_2017_01,CBSL_EXPORTS_MONTHLY_2_02,true,false
2016-04-01,2016,4,22176000,22176,93201108.74,13411648868,4.202792,4.2,143.9001,CBSL_MBT_2017_01,CBSL_EXPORTS_MONTHLY_2_02,true,false
2016-05-01,2016,5,21264000,21264,90151723.89,13130616615,4.239641,4.24,145.6502,CBSL_MBT_2017_01,CBSL_EXPORTS_MONTHLY_2_02,true,false
2016-06-01,2016,6,28565000,28565,121884334.73,17707794933,4.266912,4.27,145.2836,CBSL_MBT_2017_01,CBSL_EXPORTS_MONTHLY_2_02,true,false
2016-07-01,2016,7,25719000,25719,107775803.74,15671356294,4.190513,4.19,145.407,CBSL_MBT_2017_01,CBSL_EXPORTS_MONTHLY_2_02,true,false
2016-08-01,2016,8,25146000,25146,108865260.89,15850890851,4.329327,4.33,145.601,CBSL_MBT_2017_01,CBSL_EXPORTS_MONTHLY_2_02,true,false
2016-09-01,2016,9,25433000,25433,114850977.69,16743538297,4.515825,4.52,145.7849,CBSL_MBT_2017_01,CBSL_EXPORTS_MONTHLY_2_02,true,false
2016-10-01,2016,10,22929000,22929,108063575.99,15871545952,4.712965,4.71,146.8723,CBSL_MBT_2017_01,CBSL_EXPORTS_MONTHLY_2_02,true,false
2016-11-01,2016,11,20473000,20473,101298171.66,14968932125,4.947891,4.95,147.771,CBSL_MBT_2017_01,CBSL_EXPORTS_MONTHLY_2_02,true,false
2016-12-01,2016,12,22612000,22612,109817670.46,16349874414,4.85661,4.86,148.882,CBSL_MBT_2017_01,CBSL_EXPORTS_MONTHLY_2_02,true,false
2017-01-01,2017,1,20174000,20174,101562377.15,15243964374,5.03432,5.03,150.0946,CBSL_MBT_2018_01,CBSL_EXPORTS_MONTHLY_2_02,true,false
2017-02-01,2017,2,22448000,22448,113919400.78,17181016443,5.074813,5.07,150.8173,CBSL_MBT_2018_01,CBSL_EXPORTS_MONTHLY_2_02,true,false
2017-03-01,2017,3,25785000,25785,133661251.82,20239989210,5.183682,5.18,151.4275,CBSL_MBT_2018_01,CBSL_EXPORTS_MONTHLY_2_02,true,false
2017-04-01,2017,4,20121000,20121,109092846.71,16555875871,5.42184,5.42,151.7595,CBSL_MBT_2018_01,CBSL_EXPORTS_MONTHLY_2_02,true,false
2017-05-01,2017,5,24312000,24312,131574546.73,20043329631,5.411918,5.41,152.3344,CBSL_MBT_2018_01,CBSL_EXPORTS_MONTHLY_2_02,true,false
2017-06-01,2017,6,25848000,25848,138576294.06,21178712024,5.3612,5.36,152.8307,CBSL_MBT_2018_01,CBSL_EXPORTS_MONTHLY_2_02,true,false
2017-07-01,2017,7,26693000,26693,143007260.1,21975353631,5.357482,5.36,153.666,CBSL_MBT_2018_01,CBSL_EXPORTS_MONTHLY_2_02,true,false
2017-08-01,2017,8,24809000,24809,131326762.59,20118340741,5.293513,5.29,153.193,CBSL_MBT_2018_01,CBSL_EXPORTS_MONTHLY_2_02,true,false
2017-09-01,2017,9,25632000,25632,136911187.91,20933364663,5.341417,5.34,152.8974,CBSL_MBT_2018_01,CBSL_EXPORTS_MONTHLY_2_02,true,false
2017-10-01,2017,10,25523000,25523,136244940.17,20917167933,5.338124,5.34,153.5262,CBSL_MBT_2018_01,CBSL_EXPORTS_MONTHLY_2_02,true,false
2017-11-01,2017,11,23673000,23673,126985021.04,19512505634,5.364129,5.36,153.6599,CBSL_MBT_2018_01,CBSL_EXPORTS_MONTHLY_2_02,true,false
2017-12-01,2017,12,23967000,23967,126925932,19438782642,5.295862,5.3,153.1506,CBSL_MBT_2018_01,CBSL_EXPORTS_MONTHLY_2_02,true,false
2018-01-01,2018,1,21000000,21000,111786931.95,17193008993,5.323187,5.32,153.8016,CBSL_MBT_2019_01,CBSL_EXPORTS_MONTHLY_2_02,true,false
2018-02-01,2018,2,21752000,21752,118220800.15,18307424848,5.434939,5.44,154.8579,CBSL_MBT_2019_01,CBSL_EXPORTS_MONTHLY_2_02,true,false
2018-03-01,2018,3,26135000,26135,138496873.79,21567951959,5.299287,5.3,155.7288,CBSL_MBT_2019_01,CBSL_EXPORTS_MONTHLY_2_02,true,false
2018-04-01,2018,4,20879000,20879,109629998.24,17117123627,5.25073,5.25,156.1354,CBSL_MBT_2019_01,CBSL_EXPORTS_MONTHLY_2_02,true,false
2018-05-01,2018,5,23078000,23078,121201518.62,19137647069,5.251821,5.25,157.8994,CBSL_MBT_2019_01,CBSL_EXPORTS_MONTHLY_2_02,true,false
2018-06-01,2018,6,24744000,24744,129605582.38,20616502555,5.237859,5.24,159.0711,CBSL_MBT_2019_01,CBSL_EXPORTS_MONTHLY_2_02,true,false
2018-07-01,2018,7,25212000,25212,125225594.22,19953133119,4.966904,4.97,159.3375,CBSL_MBT_2019_01,CBSL_EXPORTS_MONTHLY_2_02,true,false
2018-08-01,2018,8,23855000,23855,116065144.35,18611498551,4.865443,4.87,160.3539,CBSL_MBT_2019_01,CBSL_EXPORTS_MONTHLY_2_02,true,false
2018-09-01,2018,9,25681000,25681,122519794.68,20144128799,4.770834,4.77,164.4153,CBSL_MBT_2019_01,CBSL_EXPORTS_MONTHLY_2_02,true,false
2018-10-01,2018,10,23355000,23355,115494720.17,19775571912,4.945182,4.95,171.2249,CBSL_MBT_2019_01,CBSL_EXPORTS_MONTHLY_2_02,true,false
2018-11-01,2018,11,21323000,21323,103163345.37,18244396363,4.838125,4.84,176.8496,CBSL_MBT_2019_01,CBSL_EXPORTS_MONTHLY_2_02,true,false
2018-12-01,2018,12,25350000,25350,117058820.19,21082059398,4.617705,4.62,180.098,CBSL_MBT_2019_01,CBSL_EXPORTS_MONTHLY_2_02,true,false
2019-01-01,2019,1,23674000,23674,110766060.38,20173567815,4.678806,4.68,182.1277,CBSL_MBT_2020_01,CBSL_EXPORTS_MONTHLY_2_02,true,false
2019-02-01,2019,2,23543000,23543,110603927.63,19768582858,4.697954,4.7,178.7331,CBSL_MBT_2020_01,CBSL_EXPORTS_MONTHLY_2_02,true,false
2019-03-01,2019,3,26408000,26408,125873797.96,22459636595,4.766502,4.77,178.4298,CBSL_MBT_2020_01,CBSL_EXPORTS_MONTHLY_2_02,true,false
2019-04-01,2019,4,20794000,20794,98971392.27,17300318135,4.759613,4.76,174.8012,CBSL_MBT_2020_01,CBSL_EXPORTS_MONTHLY_2_02,true,false
2019-05-01,2019,5,26621000,26621,125557467.22,22153949636,4.716482,4.72,176.4447,CBSL_MBT_2020_01,CBSL_EXPORTS_MONTHLY_2_02,true,false
2019-06-01,2019,6,24104000,24104,113175280.3,19985498256,4.69529,4.7,176.5889,CBSL_MBT_2020_01,CBSL_EXPORTS_MONTHLY_2_02,true,false
2019-07-01,2019,7,24893000,24893,111308884.92,19589272919,4.471493,4.47,175.9902,CBSL_MBT_2020_01,CBSL_EXPORTS_MONTHLY_2_02,true,false
2019-08-01,2019,8,26205000,26205,118736424.9,21131580907,4.53106,4.53,177.9705,CBSL_MBT_2020_01,CBSL_EXPORTS_MONTHLY_2_02,true,false
2019-09-01,2019,9,24853000,24853,110354331.87,19949326415,4.440282,4.44,180.7752,CBSL_MBT_2020_01,CBSL_EXPORTS_MONTHLY_2_02,true,false
2019-10-01,2019,10,25850000,25850,113792570.43,20647787077,4.402034,4.4,181.4511,CBSL_MBT_2020_01,CBSL_EXPORTS_MONTHLY_2_02,true,false
2019-11-01,2019,11,21976000,21976,101454167.62,18299582431,4.616589,4.62,180.3729,CBSL_MBT_2020_01,CBSL_EXPORTS_MONTHLY_2_02,true,false
2019-12-01,2019,12,23736000,23736,105806078.72,19177764411,4.45762,4.46,181.2539,CBSL_MBT_2020_01,CBSL_EXPORTS_MONTHLY_2_02,true,false
2020-01-01,2020,1,22094445,22094.445,99734888.43,18092267806,4.514026,4.514,181.4036,CBSL_EXTERNAL_SECTOR_TABLE_33,CBSL_EXPORTS_MONTHLY_2_02,false,false
2020-02-01,2020,2,23657005,23657.005,107804241.73,19573239981,4.556969,4.557,181.5628,CBSL_EXTERNAL_SECTOR_TABLE_33,CBSL_EXPORTS_MONTHLY_2_02,false,false
2020-03-01,2020,3,13827940,13827.94,62523204.98,11570337987,4.521513,4.5215,185.0567,CBSL_EXTERNAL_SECTOR_TABLE_33,CBSL_EXPORTS_MONTHLY_2_02,false,false
2020-04-01,2020,4,18157883,18157.883,78374068.9,15132888443,4.316256,4.3163,193.0854,CBSL_EXTERNAL_SECTOR_TABLE_33,CBSL_EXPORTS_MONTHLY_2_02,false,false
2020-05-01,2020,5,22663265,22663.265,108290711,20344034422,4.778248,4.7782,187.865,CBSL_EXTERNAL_SECTOR_TABLE_33,CBSL_EXPORTS_MONTHLY_2_02,false,false
2020-06-01,2020,6,23686372,23686.372,114931186.34,21371971291,4.852207,4.8522,185.9545,CBSL_EXTERNAL_SECTOR_TABLE_33,CBSL_EXPORTS_MONTHLY_2_02,false,false
2020-07-01,2020,7,28044797,28044.797,130930666.7,24333294196,4.668626,4.6686,185.8487,CBSL_EXTERNAL_SECTOR_TABLE_33,CBSL_EXPORTS_MONTHLY_2_02,false,false
2020-08-01,2020,8,22011088,22011.088,102975005.77,19039450419,4.678324,4.6783,184.8939,CBSL_EXTERNAL_SECTOR_TABLE_33,CBSL_EXPORTS_MONTHLY_2_02,false,false
2020-09-01,2020,9,24153155,24153.155,113992942.94,21092308021,4.719588,4.7196,185.0317,CBSL_EXTERNAL_SECTOR_TABLE_33,CBSL_EXPORTS_MONTHLY_2_02,false,false
2020-10-01,2020,10,23119423,23119.423,112218156.14,20697281060,4.853848,4.8538,184.4379,CBSL_EXTERNAL_SECTOR_TABLE_33,CBSL_EXPORTS_MONTHLY_2_02,false,false
2020-11-01,2020,11,20223528,20223.528,96200234.88,17776668243,4.756847,4.7568,184.7882,CBSL_EXTERNAL_SECTOR_TABLE_33,CBSL_EXPORTS_MONTHLY_2_02,false,false
2020-12-01,2020,12,23930636,23930.636,112971088.79,21146176937,4.720773,4.7208,187.1822,CBSL_EXTERNAL_SECTOR_TABLE_33,CBSL_EXPORTS_MONTHLY_2_02,false,false
2021-01-01,2021,1,20820037,20820.037,100988513.66,19237483747,4.850544,4.8505,190.4918,CBSL_EXTERNAL_SECTOR_TABLE_33,CBSL_EXPORTS_MONTHLY_2_02,false,false
2021-02-01,2021,2,23252139,23252.139,112533313.05,21838946197,4.839697,4.8397,194.0665,CBSL_EXTERNAL_SECTOR_TABLE_33,CBSL_EXPORTS_MONTHLY_2_02,false,false
2021-03-01,2021,3,25814895,25814.895,124605804.3,24545162845,4.826896,4.8269,196.9825,CBSL_EXTERNAL_SECTOR_TABLE_33,CBSL_EXPORTS_MONTHLY_2_02,false,false
2021-04-01,2021,4,16313621,16313.621,79256009.93,15646959249,4.858272,4.8583,197.423,CBSL_EXTERNAL_SECTOR_TABLE_33,CBSL_EXPORTS_MONTHLY_2_02,false,false
2021-05-01,2021,5,23788245,23788.245,109233158.18,21801267106,4.591896,4.5919,199.5847,CBSL_EXTERNAL_SECTOR_TABLE_33,CBSL_EXPORTS_MONTHLY_2_02,false,false
2021-06-01,2021,6,26993872,26993.872,123914458.39,24760103809,4.590466,4.5905,199.8161,CBSL_EXTERNAL_SECTOR_TABLE_33,CBSL_EXPORTS_MONTHLY_2_02,false,false
2021-07-01,2021,7,25541936,25541.936,115124129.52,23022270148,4.507259,4.5073,199.9778,CBSL_EXTERNAL_SECTOR_TABLE_33,CBSL_EXPORTS_MONTHLY_2_02,false,false
2021-08-01,2021,8,25691180,25691.18,116790157.41,23416017796,4.545924,4.5459,200.4965,CBSL_EXTERNAL_SECTOR_TABLE_33,CBSL_EXPORTS_MONTHLY_2_02,false,false
2021-09-01,2021,9,23423506,23423.506,104119312.82,21030622696,4.445078,4.4451,201.9858,CBSL_EXTERNAL_SECTOR_TABLE_33,CBSL_EXPORTS_MONTHLY_2_02,false,false
2021-10-01,2021,10,24338348,24338.348,109534940.28,22026370188,4.500508,4.5005,201.0899,CBSL_EXTERNAL_SECTOR_TABLE_33,CBSL_EXPORTS_MONTHLY_2_02,false,false
2021-11-01,2021,11,25870126,25870.126,117645515.69,23747712036,4.547543,4.5475,201.8582,CBSL_EXTERNAL_SECTOR_TABLE_33,CBSL_EXPORTS_MONTHLY_2_02,false,false
2021-12-01,2021,12,24168316,24168.316,110628785.85,22280526842,4.57743,4.5774,201.399,CBSL_EXTERNAL_SECTOR_TABLE_33,CBSL_EXPORTS_MONTHLY_2_02,false,false
2022-01-01,2022,1,19382003,19382.003,91226234.11,18378865888,4.70675,4.7067,201.4647,CBSL_EXTERNAL_SECTOR_TABLE_33,CBSL_EXPORTS_MONTHLY_2_02,false,false
2022-02-01,2022,2,21145139,21145.139,100861567.64,20347429381,4.769965,4.77,201.7362,CBSL_EXTERNAL_SECTOR_TABLE_33,CBSL_EXPORTS_MONTHLY_2_02,false,false
2022-03-01,2022,3,23173997,23173.997,94680823.02,24220121442,4.085649,4.0856,255.8081,CBSL_EXTERNAL_SECTOR_TABLE_33,CBSL_EXPORTS_MONTHLY_2_02,false,false
2022-04-01,2022,4,18295885,18295.885,80443004.53,25696745543,4.396781,4.3968,319.4404,CBSL_EXTERNAL_SECTOR_TABLE_33,CBSL_EXPORTS_MONTHLY_2_02,false,false
2022-05-01,2022,5,19721894,19721.894,93688830.49,33628575126,4.750499,4.7505,358.939,CBSL_EXTERNAL_SECTOR_TABLE_33,CBSL_EXPORTS_MONTHLY_2_02,false,false
2022-06-01,2022,6,23578202,23578.202,116478006.11,41960363060,4.940072,4.9401,360.2428,CBSL_EXTERNAL_SECTOR_TABLE_33,CBSL_EXPORTS_MONTHLY_2_02,false,false
2022-07-01,2022,7,22756491,22756.491,117526382.55,42412027734,5.164521,5.1645,360.8724,CBSL_EXTERNAL_SECTOR_TABLE_33,CBSL_EXPORTS_MONTHLY_2_02,false,false
2022-08-01,2022,8,23009529,23009.529,124406231.01,44910437905,5.406727,5.4067,360.9983,CBSL_EXTERNAL_SECTOR_TABLE_33,CBSL_EXPORTS_MONTHLY_2_02,false,false
2022-09-01,2022,9,21544890,21544.89,117814798.55,42694033018,5.468341,5.4683,362.3826,CBSL_EXTERNAL_SECTOR_TABLE_33,CBSL_EXPORTS_MONTHLY_2_02,false,false
2022-10-01,2022,10,19002138,19002.138,108704969.25,39476035656,5.72067,5.7207,363.1484,CBSL_EXTERNAL_SECTOR_TABLE_33,CBSL_EXPORTS_MONTHLY_2_02,false,false
2022-11-01,2022,11,19276885,19276.885,105671949.56,38400552438,5.481796,5.4818,363.394,CBSL_EXTERNAL_SECTOR_TABLE_33,CBSL_EXPORTS_MONTHLY_2_02,false,false
2022-12-01,2022,12,19304472,19304.472,107297849.44,38966844952,5.558186,5.5582,363.1652,CBSL_EXTERNAL_SECTOR_TABLE_33,CBSL_EXPORTS_MONTHLY_2_02,false,false
2023-01-01,2023,1,17556069,17556.069,99562243.83,36083627183,5.671101,5.6711,362.4228,CBSL_EXTERNAL_SECTOR_TABLE_33,CBSL_EXPORTS_MONTHLY_2_02,false,false
2023-02-01,2023,2,18551535,18551.535,104564196.54,37849792347,5.636418,5.6364,361.9766,CBSL_EXTERNAL_SECTOR_TABLE_33,CBSL_EXPORTS_MONTHLY_2_02,false,false
2023-03-01,2023,3,17975769,17975.769,110148468.82,36290715155,6.127608,6.1276,329.4709,CBSL_EXTERNAL_SECTOR_TABLE_33,CBSL_EXPORTS_MONTHLY_2_02,false,false
2023-04-01,2023,4,16168067,16168.067,93390144.18,30017871060,5.77621,5.7762,321.4244,CBSL_EXTERNAL_SECTOR_TABLE_33,CBSL_EXPORTS_MONTHLY_2_02,false,false
2023-05-01,2023,5,20552409,20552.409,116329958.27,36081353543,5.660162,5.6602,310.1639,CBSL_EXTERNAL_SECTOR_TABLE_33,CBSL_EXPORTS_MONTHLY_2_02,false,false
2023-06-01,2023,6,21414192,21414.192,111525118.39,33598190997,5.208,5.208,301.2612,CBSL_EXTERNAL_SECTOR_TABLE_33,CBSL_EXPORTS_MONTHLY_2_02,false,false
2023-07-01,2023,7,22771100,22771.1,115200401.76,36782370838,5.059062,5.0591,319.2903,CBSL_EXTERNAL_SECTOR_TABLE_33,CBSL_EXPORTS_MONTHLY_2_02,false,false
2023-08-01,2023,8,23332144,23332.144,119633480.85,38471304090,5.127411,5.1274,321.5764,CBSL_EXTERNAL_SECTOR_TABLE_33,CBSL_EXPORTS_MONTHLY_2_02,false,false
2023-09-01,2023,9,23165510,23165.51,119957472.06,38718589285,5.178279,5.1783,322.7693,CBSL_EXTERNAL_SECTOR_TABLE_33,CBSL_EXPORTS_MONTHLY_2_02,false,false
2023-10-01,2023,10,18211627,18211.627,95633478.43,31055088140,5.251232,5.2512,324.7303,CBSL_EXTERNAL_SECTOR_TABLE_33,CBSL_EXPORTS_MONTHLY_2_02,false,false
2023-11-01,2023,11,21460156,21460.156,112826141.68,37035181005,5.257471,5.2575,328.25,CBSL_EXTERNAL_SECTOR_TABLE_33,CBSL_EXPORTS_MONTHLY_2_02,false,false
2023-12-01,2023,12,20754286,20754.286,111119974.92,36307596182,5.354074,5.3541,326.7423,CBSL_EXTERNAL_SECTOR_TABLE_33,CBSL_EXPORTS_MONTHLY_2_02,false,false
2024-01-01,2024,1,18764022,18764.022,102178576.93,32816754860,5.445452,5.4455,321.1706,CBSL_EXTERNAL_SECTOR_TABLE_33,CBSL_EXPORTS_MONTHLY_2_02,false,true
2024-02-01,2024,2,22312355,22312.355,127731552.48,39926341448,5.724701,5.7247,312.5801,CBSL_EXTERNAL_SECTOR_TABLE_33,CBSL_EXPORTS_MONTHLY_2_02,false,true
2024-03-01,2024,3,21251718,21251.718,124859608.73,38165212302,5.875271,5.8753,305.665,CBSL_EXTERNAL_SECTOR_TABLE_33,CBSL_EXPORTS_MONTHLY_2_02,false,true
2024-04-01,2024,4,16376414,16376.414,95464113.49,28584170345,5.829366,5.8294,299.4232,CBSL_EXTERNAL_SECTOR_TABLE_33,CBSL_EXPORTS_MONTHLY_2_02,false,true
2024-05-01,2024,5,19452061,19452.061,115030221.19,34473671557,5.913524,5.9135,299.6923,CBSL_EXTERNAL_SECTOR_TABLE_33,CBSL_EXPORTS_MONTHLY_2_02,false,true
2024-06-01,2024,6,20956318,20956.318,121746347.94,36988013636,5.80953,5.8095,303.8121,CBSL_EXTERNAL_SECTOR_TABLE_33,CBSL_EXPORTS_MONTHLY_2_02,false,true
2024-07-01,2024,7,21355847,21355.847,124701535.74,37878827221,5.839222,5.8392,303.7559,CBSL_EXTERNAL_SECTOR_TABLE_33,CBSL_EXPORTS_MONTHLY_2_02,false,true
2024-08-01,2024,8,22092451,22092.451,130544852.62,39250698910,5.909025,5.909,300.6683,CBSL_EXTERNAL_SECTOR_TABLE_33,CBSL_EXPORTS_MONTHLY_2_02,false,true
2024-09-01,2024,9,19795865,19795.865,117037571.95,35245923312,5.912223,5.9122,301.1505,CBSL_EXTERNAL_SECTOR_TABLE_33,CBSL_EXPORTS_MONTHLY_2_02,false,true
2024-10-01,2024,10,20792781,20792.781,126814333.52,37256161654,6.09896,6.099,293.7851,CBSL_EXTERNAL_SECTOR_TABLE_33,CBSL_EXPORTS_MONTHLY_2_02,false,true
2024-11-01,2024,11,20071895,20071.895,118150831.67,34501129835,5.886382,5.8864,292.0092,CBSL_EXTERNAL_SECTOR_TABLE_33,CBSL_EXPORTS_MONTHLY_2_02,false,true
2024-12-01,2024,12,22566299,22566.299,131604419.89,38386442996,5.831901,5.8319,291.6805,CBSL_EXTERNAL_SECTOR_TABLE_33,CBSL_EXPORTS_MONTHLY_2_02,false,true
2025-01-01,2025,1,19374540,19374.54,112695138.09,33378000921,5.816661,5.8167,296.1796,CBSL_EXTERNAL_SECTOR_TABLE_33,CBSL_EXPORTS_MONTHLY_2_02,true,true
2025-02-01,2025,2,20398316,20398.316,119413653.71,35442378428,5.854094,5.8541,296.8034,CBSL_EXTERNAL_SECTOR_TABLE_33,CBSL_EXPORTS_MONTHLY_2_02,true,true
2025-03-01,2025,3,23433058,23433.058,138832848.4,41081889336,5.924658,5.9247,295.909,CBSL_EXTERNAL_SECTOR_TABLE_33,CBSL_EXPORTS_MONTHLY_2_02,true,true
2025-04-01,2025,4,18204840,18204.84,107345865.28,32046089976,5.896556,5.8966,298.5312,CBSL_EXTERNAL_SECTOR_TABLE_33,CBSL_EXPORTS_MONTHLY_2_02,true,true
2025-05-01,2025,5,22131695,22131.695,131806839.37,39464839365,5.955569,5.9556,299.4142,CBSL_EXTERNAL_SECTOR_TABLE_33,CBSL_EXPORTS_MONTHLY_2_02,true,true
2025-06-01,2025,6,23266215,23266.215,132977344.13,39880091673,5.71547,5.7155,299.9014,CBSL_EXTERNAL_SECTOR_TABLE_33,CBSL_EXPORTS_MONTHLY_2_02,true,true
2025-07-01,2025,7,24038409,24038.409,141019710.32,42464094904,5.866433,5.8664,301.1217,CBSL_EXTERNAL_SECTOR_TABLE_33,CBSL_EXPORTS_MONTHLY_2_02,true,true
2025-08-01,2025,8,23703772,23703.772,141940455.95,42793500317,5.988096,5.9881,301.4891,CBSL_EXTERNAL_SECTOR_TABLE_33,CBSL_EXPORTS_MONTHLY_2_02,true,true
2025-09-01,2025,9,23776054,23776.054,137013108.96,41404744969,5.762651,5.7627,302.1955,CBSL_EXTERNAL_SECTOR_TABLE_33,CBSL_EXPORTS_MONTHLY_2_02,true,true
2025-10-01,2025,10,21885827,21885.827,126540042.6,38358146382,5.781826,5.7818,303.1305,CBSL_EXTERNAL_SECTOR_TABLE_33,CBSL_EXPORTS_MONTHLY_2_02,true,true
2025-11-01,2025,11,19359297,19359.297,111778797.03,34243099134,5.773908,5.7739,306.347,CBSL_EXTERNAL_SECTOR_TABLE_33,CBSL_EXPORTS_MONTHLY_2_02,true,true
2025-12-01,2025,12,17868847,17868.847,105820513.1,32719797890,5.922067,5.9221,309.2009,CBSL_EXTERNAL_SECTOR_TABLE_33,CBSL_EXPORTS_MONTHLY_2_02,true,true
