year,reported_destination_count,top_destination,top_destination_iso,top_destination_value_share,top5_destination_value_share,destination_value_hhi,destination_reported_value_sum_usd,destination_reported_net_weight_sum_kg,world_export_value_usd,world_net_weight_kg,source_id
2015,147,Russian Federation,RUS,0.1183827537,0.4698190591,0.0550783361,1321898648,304835239,1321898649,304835240,UN_COMTRADE_HS0902_ANNUAL
2016,142,Iran,IRN,0.1231781882,0.4580714273,0.0555564289,1251729898,286760231,1251729897,286760226,UN_COMTRADE_HS0902_ANNUAL
2017,140,Türkiye,TUR,0.1207679472,0.4825271879,0.0597378887,1513207279.894,286862909.712,1513207279.892,286862909.712,UN_COMTRADE_HS0902_ANNUAL
2018,82,TURKEY,,0.1162095828,0.4553267172,0.0562340874,1405650000,279882620,1405660000,279882580,SRI_LANKA_COMMERCE_TEA_BUYERS_2018
2019,145,Türkiye,TUR,0.1220988778,0.4251811179,0.0517683884,1322583369.63,289585937.61,1322583369.629,289585937.61,UN_COMTRADE_HS0902_ANNUAL
2020,145,Türkiye,TUR,0.1358258871,0.4368789738,0.0551306378,1329508679.117,285086658.93,1329508679.12,285086658.93,UN_COMTRADE_HS0902_ANNUAL
2021,144,Iraq,IRQ,0.105729,0.4274727987,0.0505973665,1391647064.502,282986073.76,1391647064.495,282986073.76,UN_COMTRADE_HS0902_ANNUAL
2022,146,Iraq,IRQ,0.1172802518,0.4281805866,0.0526563679,1305608665.006,247114879.75,1305608665.011,247114879.75,UN_COMTRADE_HS0902_ANNUAL
2023,145,Türkiye,TUR,0.1216913651,0.4290875603,0.0519590378,1289912534.863,239110958.39,1289912534.859,239110958.39,UN_COMTRADE_HS0902_ANNUAL
2024,146,Iraq,IRQ,0.1073839031,0.4113870522,0.0492501249,1393333266.521,243163876.499,1393333266.521,243163876.498,UN_COMTRADE_HS0902_ANNUAL
2025,142,Iraq,IRQ,0.1220591552,0.4083405687,0.0500165139,1449205411.098,254502790.488,1449205411.095,254502790.488,UN_COMTRADE_HS0902_ANNUAL
