date,usd_lkr,symbol
2015-01-01,131.039993,USDLKR=X
2015-02-02,129.690002,USDLKR=X
2015-03-02,129.990005,USDLKR=X
2015-04-01,129.869995,USDLKR=X
2015-05-03,129.550003,USDLKR=X
2015-06-01,130.750000,USDLKR=X
2015-07-01,130.729996,USDLKR=X
2015-08-02,130.660004,USDLKR=X
2015-09-01,131.580002,USDLKR=X
2015-10-01,137.990005,USDLKR=X
2015-11-02,137.860001,USDLKR=X
2015-12-01,140.009995,USDLKR=X
2016-01-01,141.470001,USDLKR=X
2016-02-01,141.979996,USDLKR=X
2016-03-01,141.399994,USDLKR=X
2016-04-03,143.210007,USDLKR=X
2016-05-01,142.080002,USDLKR=X
2016-06-01,145.149994,USDLKR=X
2016-07-03,142.649994,USDLKR=X
2016-08-01,142.940002,USDLKR=X
2016-09-01,141.729996,USDLKR=X
2016-10-02,142.690002,USDLKR=X
2016-11-01,144.429993,USDLKR=X
2016-12-01,145.419998,USDLKR=X
2017-01-02,146.979996,USDLKR=X
2017-02-01,146.660004,USDLKR=X
2017-03-01,151.529999,USDLKR=X
2017-04-02,149.039993,USDLKR=X
2017-05-01,149.550003,USDLKR=X
2017-06-01,149.970001,USDLKR=X
2017-07-02,150.139999,USDLKR=X
2017-08-01,150.619995,USDLKR=X
2017-09-03,150.509995,USDLKR=X
2017-10-01,151.020004,USDLKR=X
2017-11-01,150.490005,USDLKR=X
2017-12-01,149.929993,USDLKR=X
2018-01-01,150.360001,USDLKR=X
2018-02-01,153.710007,USDLKR=X
2018-03-01,154.940002,USDLKR=X
2018-04-01,152.660004,USDLKR=X
2018-05-01,157.660004,USDLKR=X
2018-06-03,155.949997,USDLKR=X
2018-07-01,158.220001,USDLKR=X
2018-08-01,159.419998,USDLKR=X
2018-09-02,161.399994,USDLKR=X
2018-10-01,169.050003,USDLKR=X
2018-11-01,172.130005,USDLKR=X
2018-12-03,176.559998,USDLKR=X
2019-01-01,182.800003,USDLKR=X
2019-02-01,175.990005,USDLKR=X
2019-03-01,179.949997,USDLKR=X
2019-04-01,174.300003,USDLKR=X
2019-05-01,175.899994,USDLKR=X
2019-06-02,172.449997,USDLKR=X
2019-07-01,174.029999,USDLKR=X
2019-08-01,176.419998,USDLKR=X
2019-09-01,179.350006,USDLKR=X
2019-10-01,178.449997,USDLKR=X
2019-11-01,178.010849,USDLKR=X
2019-12-02,177.390488,USDLKR=X
2020-01-01,178.218842,USDLKR=X
2020-02-03,178.259537,USDLKR=X
2020-03-02,178.683487,USDLKR=X
2020-04-01,186.367294,USDLKR=X
2020-05-03,186.061844,USDLKR=X
2020-06-01,182.858582,USDLKR=X
2020-07-01,183.170502,USDLKR=X
2020-08-02,182.727325,USDLKR=X
2020-09-01,182.960754,USDLKR=X
2020-10-01,181.880981,USDLKR=X
2020-11-02,181.297729,USDLKR=X
2020-12-01,182.914688,USDLKR=X
2021-01-01,182.360825,USDLKR=X
2021-02-01,187.634827,USDLKR=X
2021-03-01,191.553711,USDLKR=X
2021-04-01,196.542267,USDLKR=X
2021-05-02,195.574020,USDLKR=X
2021-06-01,194.660477,USDLKR=X
2021-07-01,196.560516,USDLKR=X
2021-08-01,196.545898,USDLKR=X
2021-09-01,196.546463,USDLKR=X
2021-10-03,196.684982,USDLKR=X
2021-11-01,199.048584,USDLKR=X
2021-12-01,199.670929,USDLKR=X
2022-01-03,199.829025,USDLKR=X
2022-02-01,199.896851,USDLKR=X
2022-03-01,198.969879,USDLKR=X
2022-04-03,294.823029,USDLKR=X
2022-05-01,346.682312,USDLKR=X
2022-06-01,356.173035,USDLKR=X
2022-07-03,356.557190,USDLKR=X
2022-08-01,354.701813,USDLKR=X
2022-09-01,361.662048,USDLKR=X
2022-10-02,362.074188,USDLKR=X
2022-11-01,362.185547,USDLKR=X
2022-12-01,365.035065,USDLKR=X
2023-01-02,364.250854,USDLKR=X
2023-02-01,364.253326,USDLKR=X
2023-03-01,358.631836,USDLKR=X
2023-04-02,328.999908,USDLKR=X
2023-05-01,316.598602,USDLKR=X
2023-06-01,291.625641,USDLKR=X
2023-07-02,302.833344,USDLKR=X
2023-08-01,315.940979,USDLKR=X
2023-09-03,318.212555,USDLKR=X
2023-10-01,321.645477,USDLKR=X
2023-11-01,324.656006,USDLKR=X
2023-12-01,324.989929,USDLKR=X
2024-01-01,321.342316,USDLKR=X
2024-02-01,312.226898,USDLKR=X
2024-03-01,306.632507,USDLKR=X
2024-04-01,297.080627,USDLKR=X
2024-05-01,294.853363,USDLKR=X
2024-06-02,297.425751,USDLKR=X
2024-07-01,302.067780,USDLKR=X
2024-08-01,299.973602,USDLKR=X
2024-09-01,296.461334,USDLKR=X
2024-10-01,291.716614,USDLKR=X
2024-11-01,289.556824,USDLKR=X
2024-12-02,286.794250,USDLKR=X
2025-01-02,288.959564,USDLKR=X
2025-02-03,299.275574,USDLKR=X
2025-03-03,292.422577,USDLKR=X
2025-04-01,292.975586,USDLKR=X
2025-05-01,297.169281,USDLKR=X
2025-06-01,295.752136,USDLKR=X
2025-07-01,297.144318,USDLKR=X
2025-08-03,293.645660,USDLKR=X
2025-09-01,298.788513,USDLKR=X
2025-10-01,299.279907,USDLKR=X
2025-11-03,300.581909,USDLKR=X
2025-12-01,304.280731,USDLKR=X
2026-01-02,306.899414,USDLKR=X
2026-02-02,308.768829,USDLKR=X
2026-03-02,305.782806,USDLKR=X
2026-04-01,312.155518,USDLKR=X
2026-05-03,316.682831,USDLKR=X
2026-06-01,327.939087,USDLKR=X
2026-07-01,326.426544,USDLKR=X
