target_month_num,N,MAE,MedianAE,RMSE,MaxAE,MeanResidual
1,82,7.213802617950005,4.478897929146029,11.879081512063204,73.13046224418642,4.8969496854615455
2,83,4.972415477259069,3.2798777119952547,7.832643943123725,41.97407210884805,-2.720391634354218
3,83,8.2832810552698,6.800133059093895,11.122356665380792,56.4719509856869,6.721228958562443
4,84,4.81979639006533,3.134007067849666,7.679526722002986,32.22561803068726,-1.507383223462745
5,83,5.143244371178667,4.417807104475571,7.062909876048529,29.585842012604388,1.0403049373127373
6,84,5.702214253617379,5.077873304545918,7.122991804731735,18.219192343582336,-4.261207891402406
7,86,8.183134848427562,7.510375866323585,9.788756111558712,31.366067827527587,6.485702965273155
8,85,9.920605681509823,9.624965959617498,11.554590212669579,30.94501116195559,8.4202955853827
9,84,6.763043587259386,4.826243023251635,9.941537101928008,44.05154410297635,0.1818703341541293
10,84,6.132116056077386,3.3055353081676344,12.428110625442999,90.42652358482124,1.5357747082179183
11,83,7.4915841344154,5.760126364002304,10.402367219113996,37.076542634808845,5.397863283037376
12,81,6.796618310878397,4.970009793409759,10.10310011145928,47.40669219921131,-2.2085299117845265
