Factory,FactoryName,target_date,target_next_month_price,predicted_price,absolute_error,ape_pct,residual
MF0911,DUMBARA,2025-10-01,205.068316,114.64179241517876,90.42652358482124,44.095804436615765,90.42652358482125
MF0393,Hayes,2025-01-01,226.61,153.4795377558136,73.13046224418642,32.2715071021519,73.13046224418642
MF0909,Allerton,2025-03-01,179.2006,122.7286490143131,56.4719509856869,31.51325999225834,56.4719509856869
MF0540,Ranmudhu Ella,2025-12-01,175.948328,128.5416358007887,47.40669219921131,26.943530943477512,47.40669219921131
MF1496,CO-OP TEA,2025-09-01,109.748291,153.79983510297637,44.05154410297635,40.138706217280735,-44.05154410297638
MF0393,Hayes,2025-02-01,176.93386,218.9079321088481,41.97407210884805,23.72302967269693,-41.97407210884808
MF1495,Nilvin View,2025-12-01,215.532541,176.12946339568126,39.40307760431875,18.28173018399053,39.40307760431875
MF0490,Hatherleigh,2025-11-01,176.919413,139.84287036519115,37.076542634808845,20.956740702507783,37.076542634808845
MF1397,New Ferndale,2025-09-01,98.532,134.69096758142908,36.15896758142908,36.69768966572188,-36.15896758142908
MF1188,Green Mount,2025-11-01,165.444104,129.75881920255915,35.68528479744086,21.56939046763544,35.68528479744086
MF0540,Ranmudhu Ella,2025-01-01,174.437486,139.45877182953166,34.97871417046835,20.05229206895836,34.97871417046835
MF0619,GALABODDA,2025-03-01,181.659709,147.2789400421171,34.38076895788288,18.925918767095943,34.38076895788288
MF0909,Allerton,2025-11-01,106.741845,139.30060842927244,32.558763429272446,30.502342759086137,-32.558763429272446
MF1519,Parakaduwa,2025-04-01,145.215764,177.4413820306873,32.22561803068726,22.191542531627118,-32.225618030687286
MF1537,Ayagama,2025-07-01,191.785703,160.41963517247245,31.366067827527587,16.354747688114994,31.36606782752756
BF0143,Templevally,2025-04-01,170.040877,201.27663532930825,31.23575832930825,18.36955847346533,-31.235758329308254
MF0909,Allerton,2025-08-01,179.262941,148.31792983804442,30.94501116195559,17.262358292981254,30.94501116195559
MF1519,Parakaduwa,2025-05-01,183.615109,154.0292669873956,29.585842012604388,16.112967050333747,29.585842012604388
MF1188,Green Mount,2025-10-01,122.707953,151.80535774896163,29.097404748961623,23.712729319966428,-29.097404748961623
MF1284,NEW PANAWENNA,2025-04-01,167.602644,195.95756973791296,28.354925737912964,16.917946555731522,-28.354925737912964
