feature,missing_pct
production_lag_12,25.089686098654706
production_lag_6,20.919282511210763
production_lag_3,18.841554559043345
production_change_1,18.692077727952167
price_lag_12,18.460388639760836
production_lag_2,18.176382660687594
production_lag_1,17.526158445440956
production_roll_mean_3,17.20478325859492
DuringTheMonth,16.920777279521673
ManOtherEstate,16.920777279521673
TotalProduction,16.920777279521673
ManBoughtLeaf,16.920777279521673
ManOwnLeaf,16.920777279521673
production_roll_mean_6,15.53064275037369
price_lag_6,14.050822122571002
production_roll_mean_12,13.834080717488789
price_lag_3,11.823617339312406
price_change_1,11.397608370702542
price_lag_2,11.076233183856504
price_lag_1,10.328849028400597
price_roll_mean_3,10.254110612855008
price_roll_std_3,10.254110612855008
reasonablePrice,9.514200298953662
NetAvg,9.514200298953662
GrossAvg,9.514200298953662
GrossQtySold,8.44544095665172
NetQtySold,8.44544095665172
price_roll_std_6,8.213751868460388
price_roll_mean_6,8.213751868460388
price_roll_std_12,6.427503736920777
price_roll_mean_12,6.427503736920777
tea_colombo_usd_per_kg_lag_6,4.783258594917788
avg_humidity_lag_6,4.783258594917788
avg_temperature_lag_6,4.783258594917788
avg_wind_speed_lag_6,4.783258594917788
total_rainfall_lag_6,4.783258594917788
avg_solar_radiation_lag_6,4.783258594917788
total_evapotranspiration_lag_6,4.783258594917788
tea_kolkata_usd_per_kg_lag_6,4.783258594917788
tea_mombasa_usd_per_kg_lag_6,4.783258594917788
competitor_tea_average_usd_per_kg_lag_6,4.783258594917788
colombo_premium_vs_competitors_pct_lag_6,4.783258594917788
brent_crude_oil_usd_per_bbl_lag_6,4.783258594917788
world_tea_average_usd_per_kg_lag_6,4.783258594917788
export_conversion_lkr_per_usd_lag_6,4.783258594917788
export_value_usd_lag_6,4.783258594917788
export_unit_value_usd_per_kg_lag_6,4.783258594917788
reported_fob_usd_per_kg_lag_6,4.783258594917788
export_quantity_kg_lag_6,4.783258594917788
prior_year_top5_destination_value_share_lag_6,4.783258594917788
prior_year_destination_value_hhi_lag_6,4.783258594917788
prior_year_top_destination_value_share_lag_6,4.783258594917788
prior_year_reported_destination_count_lag_6,4.783258594917788
avg_pressure_lag_6,4.783258594917788
usd_lkr_lag_6,4.783258594917788
prior_year_top_destination_value_share_lag_3,2.3841554559043345
export_quantity_kg_lag_3,2.3841554559043345
avg_temperature_lag_3,2.3841554559043345
total_rainfall_lag_3,2.3841554559043345
avg_humidity_lag_3,2.3841554559043345
tea_colombo_usd_per_kg_lag_3,2.3841554559043345
export_value_usd_lag_3,2.3841554559043345
world_tea_average_usd_per_kg_lag_3,2.3841554559043345
competitor_tea_average_usd_per_kg_lag_3,2.3841554559043345
reported_fob_usd_per_kg_lag_3,2.3841554559043345
usd_lkr_lag_3,2.3841554559043345
export_unit_value_usd_per_kg_lag_3,2.3841554559043345
export_conversion_lkr_per_usd_lag_3,2.3841554559043345
avg_wind_speed_lag_3,2.3841554559043345
avg_pressure_lag_3,2.3841554559043345
prior_year_destination_value_hhi_lag_3,2.3841554559043345
prior_year_reported_destination_count_lag_3,2.3841554559043345
prior_year_top5_destination_value_share_lag_3,2.3841554559043345
brent_crude_oil_usd_per_bbl_lag_3,2.3841554559043345
colombo_premium_vs_competitors_pct_lag_3,2.3841554559043345
tea_mombasa_usd_per_kg_lag_3,2.3841554559043345
tea_kolkata_usd_per_kg_lag_3,2.3841554559043345
avg_solar_radiation_lag_3,2.3841554559043345
total_evapotranspiration_lag_3,2.3841554559043345
price_pct_change_1,1.547085201793722
prior_year_top5_destination_value_share_lag_1,0.7922272047832586
total_evapotranspiration_lag_1,0.7922272047832586
avg_pressure_lag_1,0.7922272047832586
avg_solar_radiation_lag_1,0.7922272047832586
reported_fob_usd_per_kg_lag_1,0.7922272047832586
tea_colombo_usd_per_kg_lag_1,0.7922272047832586
world_tea_average_usd_per_kg_lag_1,0.7922272047832586
export_conversion_lkr_per_usd_lag_1,0.7922272047832586
brent_crude_oil_usd_per_bbl_lag_1,0.7922272047832586
tea_kolkata_usd_per_kg_lag_1,0.7922272047832586
colombo_premium_vs_competitors_pct_lag_1,0.7922272047832586
tea_mombasa_usd_per_kg_lag_1,0.7922272047832586
competitor_tea_average_usd_per_kg_lag_1,0.7922272047832586
avg_temperature_lag_1,0.7922272047832586
avg_humidity_lag_1,0.7922272047832586
total_rainfall_lag_1,0.7922272047832586
avg_wind_speed_lag_1,0.7922272047832586
export_unit_value_usd_per_kg_lag_1,0.7922272047832586
usd_lkr_lag_1,0.7922272047832586
export_quantity_kg_lag_1,0.7922272047832586
export_value_usd_lag_1,0.7922272047832586
prior_year_reported_destination_count_lag_1,0.7922272047832586
prior_year_top_destination_value_share_lag_1,0.7922272047832586
prior_year_destination_value_hhi_lag_1,0.7922272047832586
Factory,0.0
export_quantity_kg,0.0
export_value_usd,0.0
export_unit_value_usd_per_kg,0.0
reported_fob_usd_per_kg,0.0
prior_year_destination_value_hhi,0.0
prior_year_top5_destination_value_share,0.0
prior_year_top_destination_value_share,0.0
prior_year_reported_destination_count,0.0
tea_mombasa_usd_per_kg,0.0
competitor_tea_average_usd_per_kg,0.0
colombo_premium_vs_competitors_pct,0.0
brent_crude_oil_usd_per_bbl,0.0
usd_lkr,0.0
total_evapotranspiration,0.0
avg_pressure,0.0
avg_solar_radiation,0.0
avg_temperature,0.0
avg_humidity,0.0
total_rainfall,0.0
avg_wind_speed,0.0
export_conversion_lkr_per_usd,0.0
world_tea_average_usd_per_kg,0.0
tea_colombo_usd_per_kg,0.0
tea_kolkata_usd_per_kg,0.0
target_month,0.0
target_month_sin,0.0
target_month_cos,0.0
trend_month_index,0.0
