Factory,FactoryName,date,NetQtySold,GrossQtySold,reasonablePrice_raw,NetAvg_raw,GrossAvg_raw
HT0002,ECO,2018-04-01,40.0,40.0,119.61285,837.625,837.625
HT0002,ECO,2018-09-01,4.0,4.0,1785.0,12500.0,12500.0
HT0002,ECO,2018-10-01,1.0,1.0,1856.4,13000.0,13000.0
HT0002,ECO,2019-04-01,5.0,5.0,257.04,1800.0,1800.0
HT0002,ECO,2019-07-01,5.0,5.0,263.16,1800.0,1800.0
HT0002,ECO,2019-08-01,22.0,22.0,233.92,1600.0,1600.0
HT0002,ECO,2019-11-01,16.0,19.5,197.2425,1381.25,1402.564102
HT0002,ECO,2020-03-01,3.0,6.5,255.85,1750.0,1750.0
HT0002,ECO,2020-07-01,2.0,9.0,543.864,3720.0,3720.0
HT0002,ECO,2021-03-01,20.0,20.0,299.71,2050.0,2050.0
HT0002,ECO,2021-08-01,25.0,25.0,280.704,1920.0,1920.0
HT0002,ECO,2022-02-01,20.0,20.0,347.225,2375.0,2375.0
HT0002,ECO,2022-06-01,4.0,4.0,481.95,3375.0,3375.0
HT0002,ECO,2022-07-01,1.0,1.0,584.8,4000.0,4000.0
HT0002,ECO,2023-01-01,40.0,40.0,555.56,3800.0,3800.0
HT0002,ECO,2024-07-01,2.0,2.0,4568.75,31250.0,31250.0
HT0002,ECO,2024-08-01,1.0,1.0,5043.9,34500.0,34500.0
HT0002,ECO,2024-11-01,2.0,2.0,4569.6,32000.0,32000.0
HT0002,ECO,2025-03-01,1.0,1.0,4678.4,32000.0,32000.0
HT0002,ECO,2025-07-01,1.0,1.0,3947.4,27000.0,27000.0
HT0002,ECO,2025-08-01,1.0,1.0,4824.6,33000.0,33000.0
HT0002,ECO,2025-09-01,1.0,1.0,3712.8,26000.0,26000.0
HT0007,C R A Ceylon Hand Made,2024-08-01,2.0,2.5,4166.7,28500.0,28500.0
HT0012,Forest Hill Specialty Hand Made,2022-02-01,6.0,6.0,2339.2,16000.0,16000.0
HT0012,Forest Hill Specialty Hand Made,2022-03-01,4.0,4.0,2375.75,16250.0,16250.0
HT0012,Forest Hill Specialty Hand Made,2022-04-01,4.0,4.0,2570.4,18000.0,18000.0
HT0012,Forest Hill Specialty Hand Made,2022-05-01,9.0,9.0,2499.0,17500.0,17500.0
HT0012,Forest Hill Specialty Hand Made,2022-08-01,8.0,8.0,2585.9125,17687.5,17687.5
HT0012,Forest Hill Specialty Hand Made,2022-09-01,1.0,1.0,2570.4,18000.0,18000.0
HT0012,Forest Hill Specialty Hand Made,2022-10-01,4.0,4.0,2499.0,17500.0,17500.0
HT0012,Forest Hill Specialty Hand Made,2022-11-01,7.0,7.0,2570.4,18000.0,18000.0
HT0012,Forest Hill Specialty Hand Made,2022-12-01,1.0,1.0,3141.6,22000.0,22000.0
HT0012,Forest Hill Specialty Hand Made,2023-01-01,25.0,25.0,2985.404,20420.0,20420.0
HT0012,Forest Hill Specialty Hand Made,2023-02-01,14.0,14.0,3023.207143,20678.57143,20678.57143
HT0012,Forest Hill Specialty Hand Made,2023-03-01,4.0,4.0,3106.75,21250.0,21250.0
HT0012,Forest Hill Specialty Hand Made,2023-04-01,17.0,17.0,4032.0,28235.29412,28235.29412
HT0012,Forest Hill Specialty Hand Made,2023-05-01,53.0,53.0,4160.060377,29132.07547,29132.07547
HT0012,Forest Hill Specialty Hand Made,2023-06-01,34.0,34.0,3910.2,27382.35294,27382.35294
HT0012,Forest Hill Specialty Hand Made,2023-07-01,20.0,20.0,4057.05,27750.0,27750.0
HT0012,Forest Hill Specialty Hand Made,2023-08-01,35.0,35.0,4041.385714,27642.85714,27642.85714
HT0012,Forest Hill Specialty Hand Made,2023-09-01,33.0,33.0,3751.745454,26272.72727,26272.72727
HT0012,Forest Hill Specialty Hand Made,2023-10-01,44.0,44.0,4019.495454,28147.72727,28147.72727
HT0012,Forest Hill Specialty Hand Made,2023-11-01,45.0,45.0,3869.88,27100.0,27100.0
HT0012,Forest Hill Specialty Hand Made,2023-12-01,55.0,55.0,3911.421818,27390.90909,27390.90909
HT0012,Forest Hill Specialty Hand Made,2024-01-01,57.0,57.0,3878.147368,26526.31579,26526.31579
HT0012,Forest Hill Specialty Hand Made,2024-02-01,68.0,68.0,4035.55,27602.94118,27602.94118
HT0012,Forest Hill Specialty Hand Made,2024-03-01,20.0,20.0,4035.12,27600.0,27600.0
HT0012,Forest Hill Specialty Hand Made,2024-04-01,26.0,26.0,4440.530769,31096.15385,31096.15385
HT0012,Forest Hill Specialty Hand Made,2024-05-01,7.0,7.0,4284.0,30000.0,30000.0
HT0012,Forest Hill Specialty Hand Made,2024-06-01,5.0,5.0,4426.8,31000.0,31000.0
HT0012,Forest Hill Specialty Hand Made,2024-07-01,6.5,6.5,4723.384615,32307.69231,32307.69231
HT0012,Forest Hill Specialty Hand Made,2024-08-01,5.0,5.0,4386.0,30000.0,30000.0
HT0012,Forest Hill Specialty Hand Made,2024-09-01,3.0,3.0,4236.4,29666.66667,29666.66667
HT0012,Forest Hill Specialty Hand Made,2024-10-01,6.0,6.0,4141.2,29000.0,29000.0
HT0012,Forest Hill Specialty Hand Made,2024-11-01,6.0,6.0,4236.4,29666.66667,29666.66667
HT0012,Forest Hill Specialty Hand Made,2024-12-01,5.5,5.5,3180.545454,22272.72727,22272.72727
HT0012,Forest Hill Specialty Hand Made,2025-03-01,2.0,2.0,1900.6,13000.0,13000.0
HT0012,Forest Hill Specialty Hand Made,2025-06-01,4.0,4.0,4141.2,29000.0,29000.0
HT0012,Forest Hill Specialty Hand Made,2025-07-01,1.0,1.0,4239.8,29000.0,29000.0
HT0012,Forest Hill Specialty Hand Made,2025-08-01,3.0,3.0,4093.6,28000.0,28000.0
HT0012,Forest Hill Specialty Hand Made,2025-09-01,8.0,8.0,1356.6,9500.0,9500.0
HT0012,Forest Hill Specialty Hand Made,2025-10-01,2.0,2.0,3855.6,27000.0,27000.0
HT0012,Forest Hill Specialty Hand Made,2025-11-01,1.0,1.0,3998.4,28000.0,28000.0
HT0012,Forest Hill Specialty Hand Made,2025-12-01,5.0,5.0,3998.4,28000.0,28000.0
HT0016,Kurundugahadola Specialty Hand Made,2022-10-01,4.0,4.0,2856.0,20000.0,20000.0
HT0016,Kurundugahadola Specialty Hand Made,2022-11-01,1.0,1.0,2856.0,20000.0,20000.0
HT0016,Kurundugahadola Specialty Hand Made,2023-01-01,3.0,3.0,2680.333333,18333.33333,18333.33333
HT0016,Kurundugahadola Specialty Hand Made,2023-02-01,5.0,5.0,3099.44,21200.0,21200.0
HT0016,Kurundugahadola Specialty Hand Made,2023-04-01,4.0,4.0,4034.1,28250.0,28250.0
HT0016,Kurundugahadola Specialty Hand Made,2023-05-01,2.0,2.0,4284.0,30000.0,30000.0
HT0016,Kurundugahadola Specialty Hand Made,2023-07-01,4.0,4.0,4386.0,30000.0,30000.0
HT0016,Kurundugahadola Specialty Hand Made,2023-08-01,2.0,2.0,4093.6,28000.0,28000.0
HT0016,Kurundugahadola Specialty Hand Made,2024-06-01,3.0,3.0,4284.0,30000.0,30000.0
HT0016,Kurundugahadola Specialty Hand Made,2024-07-01,3.0,3.0,4386.0,30000.0,30000.0
HT0016,Kurundugahadola Specialty Hand Made,2024-08-01,1.0,1.0,4386.0,30000.0,30000.0
HT0016,Kurundugahadola Specialty Hand Made,2024-10-01,2.0,2.0,3712.8,26000.0,26000.0
HT0016,Kurundugahadola Specialty Hand Made,2025-06-01,1.0,1.0,3998.4,28000.0,28000.0
HT0023,Rocky Mark Hand Made Tea,2023-11-01,48.0,48.0,4364.325,30562.5,30562.5
HT0023,Rocky Mark Hand Made Tea,2023-12-01,70.0,70.0,4107.54,28764.28571,28764.28571
HT0023,Rocky Mark Hand Made Tea,2024-01-01,95.0,96.0,4458.330526,30494.73684,30489.58333
HT0023,Rocky Mark Hand Made Tea,2024-03-01,97.0,97.0,4882.627835,33396.90722,33396.90722
HT0023,Rocky Mark Hand Made Tea,2024-04-01,89.0,89.0,4589.65618,32140.44944,32140.44944
HT0023,Rocky Mark Hand Made Tea,2024-05-01,93.0,99.0,4626.412903,32397.84946,32419.19192
HT0023,Rocky Mark Hand Made Tea,2024-06-01,75.0,76.5,4486.776,31420.0,31477.12418
HT0023,Rocky Mark Hand Made Tea,2024-07-01,70.0,71.0,4736.88,32400.0,32394.3662
HT0023,Rocky Mark Hand Made Tea,2024-08-01,39.0,41.5,4552.817949,31141.02564,31066.26506
HT0023,Rocky Mark Hand Made Tea,2024-09-01,19.0,21.5,4329.094737,30315.78947,30325.5814
HT0023,Rocky Mark Hand Made Tea,2024-10-01,37.0,40.0,4615.913513,32324.32432,32312.5
HT0023,Rocky Mark Hand Made Tea,2024-11-01,37.0,38.0,4085.237838,28608.10811,28717.10526
HT0023,Rocky Mark Hand Made Tea,2024-12-01,49.0,54.5,4471.971428,31316.32653,31321.10092
HT0023,Rocky Mark Hand Made Tea,2025-01-01,54.5,59.0,4609.994495,31532.11009,31432.20339
HT0023,Rocky Mark Hand Made Tea,2025-02-01,52.0,59.5,4535.011538,31019.23077,30957.98319
HT0023,Rocky Mark Hand Made Tea,2025-03-01,17.0,18.0,4828.9,33029.41176,33055.55556
HT0023,Rocky Mark Hand Made Tea,2025-04-01,39.0,42.5,4534.815385,31756.41026,31705.88235
HT0023,Rocky Mark Hand Made Tea,2025-05-01,10.0,12.0,4398.24,30800.0,30416.66667
HT0023,Rocky Mark Hand Made Tea,2025-06-01,5.0,7.5,3941.28,27600.0,27600.0
HT0023,Rocky Mark Hand Made Tea,2025-07-01,30.0,32.5,4576.06,31300.0,31192.30769
HT0023,Rocky Mark Hand Made Tea,2025-08-01,24.0,28.0,4233.708333,28958.33333,29000.0
HT0023,Rocky Mark Hand Made Tea,2025-09-01,11.0,11.5,4400.836364,30818.18182,30913.04348
HT0023,Rocky Mark Hand Made Tea,2025-10-01,12.0,13.5,4426.8,31000.0,30962.96296
HT0023,Rocky Mark Hand Made Tea,2025-11-01,14.0,15.5,4080.0,28571.42857,28354.83871
HT0023,Rocky Mark Hand Made Tea,2025-12-01,8.0,8.0,4676.7,32750.0,32750.0
HT0040,Sun Green Handmade,2025-12-01,1.0,1.0,3855.6,27000.0,27000.0
MF0030,Noragalla,2017-02-01,1.0,1.0,2631.6,18000.0,18000.0
MF0030,Noragalla,2017-07-01,1.0,1.0,1754.4,12000.0,12000.0
MF0030,Noragalla,2018-01-01,4.0,4.0,1206.15,8250.0,8250.0
MF0030,Noragalla,2018-04-01,1.0,1.0,2213.4,15500.0,15500.0
MF0030,Noragalla,2018-08-01,1.0,1.0,2046.8,14000.0,14000.0
MF0030,Noragalla,2019-01-01,1.0,1.0,2193.0,15000.0,15000.0
MF0030,Noragalla,2019-03-01,1.0,1.0,2485.4,17000.0,17000.0
MF0030,Noragalla,2019-10-01,1.0,1.0,1285.2,9000.0,9000.0
MF0030,Noragalla,2020-01-01,1.0,1.0,2924.0,20000.0,20000.0
MF0030,Noragalla,2020-02-01,1.0,1.0,2485.4,17000.0,17000.0
MF0030,Noragalla,2021-01-01,1.0,1.0,2193.0,15000.0,15000.0
MF0030,Noragalla,2021-12-01,1.0,1.0,2142.0,15000.0,15000.0
MF0083,Rilhena,2025-09-01,27.0,27.0,1404.2,9833.333333,9833.333333
MF0083,Rilhena,2025-11-01,16.0,16.0,1173.6375,8218.75,8218.75
MF0083,Rilhena,2025-12-01,11.0,11.0,681.545454,4772.727272,4772.727272
MF0104,Wellandura,2019-06-01,93.0,98.0,96.044516,672.580645,672.704081
MF0210,Haughton,2020-04-01,96.0,98.0,185.64,1300.0,1300.0
MF0285,Hunuwella,2016-11-01,2.0,2.0,1570.8,11000.0,11000.0
MF0289,Watapota,2016-04-01,10.92,10.92,471.75,3303.571428,3303.571428
MF0289,Watapota,2017-03-01,3.5,3.5,2005.028571,13714.28571,13714.28571
MF0289,Watapota,2017-09-01,1.5,1.5,1713.6,12000.0,12000.0
MF0289,Watapota,2017-12-01,1.0,1.0,1428.0,10000.0,10000.0
MF0289,Watapota,2018-01-01,2.0,2.0,1900.6,13000.0,13000.0
MF0289,Watapota,2018-02-01,3.0,3.0,1754.4,12000.0,12000.0
MF0289,Watapota,2018-03-01,2.0,2.0,2193.0,15000.0,15000.0
MF0289,Watapota,2018-05-01,2.0,2.0,2070.6,14500.0,14500.0
MF0289,Watapota,2018-08-01,2.0,2.0,2046.8,14000.0,14000.0
MF0289,Watapota,2018-10-01,2.0,2.0,1428.0,10000.0,10000.0
MF0289,Watapota,2019-02-01,1.0,1.0,2046.8,14000.0,14000.0
MF0289,Watapota,2019-03-01,2.0,2.0,2193.0,15000.0,15000.0
MF0289,Watapota,2019-04-01,1.0,1.0,2427.6,17000.0,17000.0
MF0289,Watapota,2019-10-01,2.0,2.0,1285.2,9000.0,9000.0
MF0413,Horamulla,2019-09-01,5.0,7.5,2184.84,15300.0,15300.0
MF0620,GALATHURA,2015-03-01,13.0,13.0,1023.4,7000.0,7000.0
MF0623,MEDDAKANDE,2023-06-01,1.0,1.0,3998.4,28000.0,28000.0
MF0623,MEDDAKANDE,2023-07-01,1.0,1.0,4093.6,28000.0,28000.0
MF0911,DUMBARA,2020-11-01,70.0,72.0,78.54,550.0,550.0
MF1110,Gilimale Tea Shakthi,2019-11-01,80.0,80.0,85.68,600.0,600.0
MF1381,Sannasgama,2020-04-01,76.0,78.0,131.376,920.0,920.0
MF1567,Chamwin Speciality Tea Processing Centre,2017-05-01,30.0,30.0,171.36,1200.0,1200.0
