Factory,FactoryName,calendar_months,reliable_price_months,first_month,last_month,eligible_factory
BF0143,Templevally,132,88,2015-01-01,2025-12-01,True
BF0146,Ovinrich,17,16,2015-01-01,2016-05-01,False
BF0150,Sherwood,132,127,2015-01-01,2025-12-01,True
BF0155,GANGALAGAMUWA,132,132,2015-01-01,2025-12-01,True
BF0163,Delgoda,110,73,2015-01-01,2024-02-01,True
HT0002,ECO,90,8,2018-04-01,2025-09-01,False
HT0007,C R A Ceylon Hand Made,1,0,2024-08-01,2024-08-01,False
HT0012,Forest Hill Specialty Hand Made,47,0,2022-02-01,2025-12-01,False
HT0016,Kurundugahadola Specialty Hand Made,33,0,2022-10-01,2025-06-01,False
HT0023,Rocky Mark Hand Made Tea,26,1,2023-11-01,2025-12-01,False
HT0040,Sun Green Handmade,1,0,2025-12-01,2025-12-01,False
MF0030,Noragalla,84,23,2015-01-01,2021-12-01,False
MF0083,Rilhena,132,129,2015-01-01,2025-12-01,True
MF0103,Opatha,132,132,2015-01-01,2025-12-01,True
MF0104,Wellandura,132,115,2015-01-01,2025-12-01,True
MF0107,Nilagama,132,131,2015-01-01,2025-12-01,True
MF0108,Poronuwa,124,86,2015-01-01,2025-04-01,True
MF0168,ENDANE,132,132,2015-01-01,2025-12-01,True
MF0181,Ceciliyan,132,132,2015-01-01,2025-12-01,True
MF0183,New Kandagastenne,132,132,2015-01-01,2025-12-01,True
MF0191,Avondale,49,48,2015-01-01,2019-01-01,True
MF0200,Pettiyagalla,132,132,2015-01-01,2025-12-01,True
MF0210,Haughton,132,88,2015-01-01,2025-12-01,True
MF0258,Balangoda Tea Shakthi,90,90,2018-07-01,2025-12-01,True
MF0262,Upper Balangoda,132,132,2015-01-01,2025-12-01,True
MF0263,Wewawatte,132,132,2015-01-01,2025-12-01,True
MF0272,Panilkanda,132,132,2015-01-01,2025-12-01,True
MF0285,Hunuwella,99,56,2015-01-01,2023-03-01,True
MF0289,Watapota,58,20,2015-01-01,2019-10-01,False
MF0295,Kuttapitiya,132,132,2015-01-01,2025-12-01,True
MF0296,DOLOSWELLA,132,124,2015-01-01,2025-12-01,True
MF0319,NON PAREIL,83,46,2015-01-01,2021-11-01,True
MF0347,MATUWAGALA,132,132,2015-01-01,2025-12-01,True
MF0367,Cecilton,132,129,2015-01-01,2025-12-01,True
MF0369,MARATENNE,132,132,2015-01-01,2025-12-01,True
MF0393,Hayes,132,126,2015-01-01,2025-12-01,True
MF0413,Horamulla,59,56,2015-01-01,2019-11-01,True
MF0428,Randola,95,80,2015-01-01,2022-11-01,True
MF0449,Aennen,100,99,2015-06-01,2023-09-01,True
MF0481,Aigburth,132,130,2015-01-01,2025-12-01,True
MF0490,Hatherleigh,132,132,2015-01-01,2025-12-01,True
MF0540,Ranmudhu Ella,132,64,2015-01-01,2025-12-01,True
MF0546,Springwood,132,125,2015-01-01,2025-12-01,True
MF0594,Boscombe,131,123,2015-01-01,2025-11-01,True
MF0614,MADAMPE,132,53,2015-01-01,2025-12-01,True
MF0619,GALABODDA,132,132,2015-01-01,2025-12-01,True
MF0620,GALATHURA,3,1,2015-03-01,2015-05-01,False
MF0623,MEDDAKANDE,130,126,2015-01-01,2025-10-01,True
MF0624,Wikiliya,132,132,2015-01-01,2025-12-01,True
MF0625,NEW RASAGALLA,132,132,2015-01-01,2025-12-01,True
MF0659,RYE,132,105,2015-01-01,2025-12-01,True
MF0780,HOUPE,132,132,2015-01-01,2025-12-01,True
MF0801,HAPUGASTENNE,132,132,2015-01-01,2025-12-01,True
MF0905,Millavitiya,132,94,2015-01-01,2025-12-01,True
MF0906,Palm Garden,132,130,2015-01-01,2025-12-01,True
MF0909,Allerton,131,121,2015-01-01,2025-11-01,True
MF0911,DUMBARA,132,125,2015-01-01,2025-12-01,True
MF0912,Vardhana,132,72,2015-01-01,2025-12-01,True
MF0946,Rajjuruwatta,132,105,2015-01-01,2025-12-01,True
MF0997,HarVEST,16,8,2015-01-01,2016-04-01,False
MF1075,Kadigalahena,132,128,2015-01-01,2025-12-01,True
MF1110,Gilimale Tea Shakthi,100,53,2015-01-01,2023-04-01,True
MF1172,New Vithanakanda,132,132,2015-01-01,2025-12-01,True
MF1188,Green Mount,132,82,2015-01-01,2025-12-01,True
MF1217,GALPADITENNE,132,132,2015-01-01,2025-12-01,True
MF1281,ST.JOACHIM,132,132,2015-01-01,2025-12-01,True
MF1284,NEW PANAWENNA,132,132,2015-01-01,2025-12-01,True
MF1292,PINE HILL,132,121,2015-01-01,2025-12-01,True
MF1308,New Udakada,132,132,2015-01-01,2025-12-01,True
MF1317,Deshika,132,124,2015-01-01,2025-12-01,True
MF1325,Bandarahena,30,30,2015-01-01,2017-06-01,False
MF1343,Kongahawatte,132,132,2015-01-01,2025-12-01,True
MF1354,Peak Paradise,121,118,2015-01-01,2025-01-01,True
MF1363,New Nawalakanda,128,128,2015-01-01,2025-08-01,True
MF1365,Nawagamuwahena,132,132,2015-01-01,2025-12-01,True
MF1368,New Temple View,132,132,2015-01-01,2025-12-01,True
MF1381,Sannasgama,64,50,2015-01-01,2020-04-01,True
MF1387,A.C.U.,132,132,2015-01-01,2025-12-01,True
MF1392,Hidellana,132,132,2015-01-01,2025-12-01,True
MF1397,New Ferndale,129,129,2015-01-01,2025-09-01,True
MF1416,Koppakande,132,132,2015-01-01,2025-12-01,True
MF1418,Doralawitiyahena,132,132,2015-01-01,2025-12-01,True
MF1432,Sri Samaneliya,47,47,2015-01-01,2018-11-01,True
MF1436,New Wewelkandura,132,124,2015-01-01,2025-12-01,True
MF1440,Nivithigala,132,132,2015-01-01,2025-12-01,True
MF1441,Falcon,132,132,2015-01-01,2025-12-01,True
MF1442,Veddagala,132,132,2015-01-01,2025-12-01,True
MF1445,Menik Valley,36,23,2017-05-01,2020-04-01,False
MF1453,Kalawana,132,124,2015-01-01,2025-12-01,True
MF1454,Camellia,10,8,2015-01-01,2015-10-01,False
MF1456,Deerwood,118,118,2015-01-01,2024-10-01,True
MF1458,Seron,132,129,2015-01-01,2025-12-01,True
MF1459,New Laksakanda,132,132,2015-01-01,2025-12-01,True
MF1463,Peekview,132,132,2015-01-01,2025-12-01,True
MF1466,Tea Lanka,132,128,2015-01-01,2025-12-01,True
MF1467,Daduwangala Watte,132,125,2015-01-01,2025-12-01,True
MF1470,Karawita,132,132,2015-01-01,2025-12-01,True
MF1478,Sanora,132,132,2015-01-01,2025-12-01,True
MF1480,New Hopewell,132,132,2015-01-01,2025-12-01,True
MF1483,Galaxy,132,132,2015-01-01,2025-12-01,True
MF1487,Adams View,132,132,2015-01-01,2025-12-01,True
MF1488,Kukuleganga,132,113,2015-01-01,2025-12-01,True
MF1489,BLUE MOUNT,95,80,2015-01-01,2022-11-01,True
MF1491,New Doralavitiyahena,132,132,2015-01-01,2025-12-01,True
MF1493,Golden Valley,38,27,2017-03-01,2020-04-01,False
MF1495,Nilvin View,132,124,2015-01-01,2025-12-01,True
MF1496,CO-OP TEA,129,129,2015-01-01,2025-09-01,True
MF1515,Geekiyanahena,93,93,2015-01-01,2022-09-01,True
MF1519,Parakaduwa,132,126,2015-01-01,2025-12-01,True
MF1537,Ayagama,132,132,2015-01-01,2025-12-01,True
MF1551,Galahitiya,132,132,2015-01-01,2025-12-01,True
MF1552,Sisiramba,132,79,2015-01-01,2025-12-01,True
MF1553,New Spring View,132,117,2015-01-01,2025-12-01,True
MF1554,Daduwangala CTC,132,114,2015-01-01,2025-12-01,True
MF1567,Chamwin Speciality Tea Processing Centre,1,0,2017-05-01,2017-05-01,False
MF1571,Kamarangapitiya,132,132,2015-01-01,2025-12-01,True
MF1572,Karadana,132,132,2015-01-01,2025-12-01,True
MF1575,Elapatha,69,68,2015-01-01,2020-09-01,True
MF1591,Ethoya Waththa,111,111,2016-10-01,2025-12-01,True
MF1601,Blue Hills,56,56,2021-05-01,2025-12-01,True
