feature,mean_abs_shap
NetAvg,0.00637284028523941
price_pct_change_1,0.0056561303864076495
world_tea_average_usd_per_kg_lag_6,0.00551403077515727
export_value_usd_lag_1,0.004924850472937617
tea_colombo_usd_per_kg_lag_6,0.004440974729381187
colombo_premium_vs_competitors_pct_lag_1,0.0036743041292074973
price_change_1,0.002995723095679778
GrossAvg,0.0029561701749649394
reasonablePrice,0.0028776425176525676
TotalProduction,0.0023288020377541453
prior_year_top_destination_value_share,0.002178617515465254
total_rainfall_lag_1,0.0021392808667032586
production_lag_1,0.0021332954991298845
price_lag_3,0.0020905077075585228
target_month_cos,0.002071651975498558
production_change_1,0.0016086228254309273
avg_humidity_lag_1,0.0015306503756606644
avg_wind_speed_lag_6,0.0015171837947500627
price_lag_2,0.0014135829776799544
price_lag_6,0.0013985020086163672
export_quantity_kg_lag_1,0.0013650310093797687
tea_mombasa_usd_per_kg_lag_6,0.0013527754274513107
export_quantity_kg_lag_6,0.00130788213698986
avg_humidity_lag_3,0.0012613084322816027
export_unit_value_usd_per_kg_lag_6,0.0011129057665402635
tea_kolkata_usd_per_kg_lag_3,0.0010870304102735347
colombo_premium_vs_competitors_pct_lag_6,0.0010517148507391103
target_month,0.0010072465741466545
export_value_usd,0.0010044880285515314
export_unit_value_usd_per_kg_lag_3,0.0009465468310891695
Factory,0.0009149598574583633
DuringTheMonth,0.0009143069623235513
brent_crude_oil_usd_per_bbl,0.0008987079544655914
tea_mombasa_usd_per_kg_lag_3,0.0008869201548788014
competitor_tea_average_usd_per_kg_lag_1,0.0008734724092968638
price_roll_std_6,0.0008196615109129377
avg_temperature_lag_6,0.0007994107543999222
trend_month_index,0.0007712528568060027
brent_crude_oil_usd_per_bbl_lag_6,0.0007313375816686501
reported_fob_usd_per_kg_lag_6,0.0007288883540590333
avg_humidity_lag_6,0.0006726650564903314
price_lag_12,0.000670945008730381
tea_kolkata_usd_per_kg_lag_1,0.000669258838369725
competitor_tea_average_usd_per_kg_lag_3,0.000660864798281384
GrossQtySold,0.0006585892422797038
export_unit_value_usd_per_kg,0.0006482888937802387
export_quantity_kg,0.0006348012925962048
prior_year_top_destination_value_share_lag_1,0.0006272109074761194
prior_year_destination_value_hhi_lag_1,0.0006082127970252174
avg_solar_radiation_lag_3,0.0005937872230648519
tea_colombo_usd_per_kg,0.0005836264695532543
production_roll_mean_12,0.0005718763725782384
export_conversion_lkr_per_usd_lag_6,0.0005666948459181258
production_lag_3,0.0005383010246806631
avg_wind_speed_lag_1,0.00053475282496566
avg_pressure_lag_6,0.0005272742082052666
avg_wind_speed_lag_3,0.0005193854966996751
production_lag_12,0.0005156110808457277
production_lag_2,0.0005036359524312838
price_roll_std_3,0.0005000483247353382
total_evapotranspiration_lag_3,0.000492661914569949
NetQtySold,0.0004860336101410464
colombo_premium_vs_competitors_pct,0.00046794256793638477
price_lag_1,0.0004623313061173509
production_lag_6,0.0004511924521610191
production_roll_mean_3,0.00044009817423444066
export_conversion_lkr_per_usd,0.0004377690088249229
avg_humidity,0.00042807988594724465
tea_kolkata_usd_per_kg,0.00042540562908215877
total_rainfall_lag_6,0.0004191659007792379
avg_solar_radiation_lag_1,0.00040915597741374675
reported_fob_usd_per_kg,0.00040806854506148573
prior_year_destination_value_hhi,0.0004058765428562974
export_value_usd_lag_6,0.0004008249985975157
production_roll_mean_6,0.000396774665644994
price_roll_mean_12,0.0003924529764630676
ManOwnLeaf,0.0003890297237351852
world_tea_average_usd_per_kg_lag_1,0.00038484750717410687
price_roll_std_12,0.00037767002304890776
price_roll_mean_6,0.00037550092344627026
usd_lkr_lag_3,0.00036477718817489433
tea_colombo_usd_per_kg_lag_1,0.0003633678939970459
competitor_tea_average_usd_per_kg_lag_6,0.0003589744005672937
prior_year_destination_value_hhi_lag_6,0.0003532018897735052
ManBoughtLeaf,0.000332594934971016
colombo_premium_vs_competitors_pct_lag_3,0.0003302609536932599
world_tea_average_usd_per_kg,0.00032877935284889574
avg_solar_radiation,0.00031918935729251106
target_month_sin,0.00030766214019307877
total_evapotranspiration_lag_6,0.0003057311990337946
usd_lkr_lag_6,0.0003009169037626713
total_rainfall,0.0002959384103301496
tea_kolkata_usd_per_kg_lag_6,0.00029360222112215977
export_conversion_lkr_per_usd_lag_3,0.00028782205878113146
avg_temperature,0.0002735745926583934
export_conversion_lkr_per_usd_lag_1,0.00027144141902453076
total_rainfall_lag_3,0.0002690486185231239
reported_fob_usd_per_kg_lag_3,0.0002632964869459849
usd_lkr,0.00026049155776691144
avg_wind_speed,0.00024967180973715686
total_evapotranspiration,0.00024716669215449295
avg_pressure_lag_1,0.00024424103803064246
price_roll_mean_3,0.00023138953564705994
world_tea_average_usd_per_kg_lag_3,0.00022951925051990077
export_quantity_kg_lag_3,0.00022411336419947335
tea_mombasa_usd_per_kg_lag_1,0.00022320164098445626
avg_solar_radiation_lag_6,0.00022092807316166613
prior_year_top_destination_value_share_lag_6,0.00021392435654235377
avg_temperature_lag_1,0.00020779449236310105
usd_lkr_lag_1,0.0002064200034603671
prior_year_destination_value_hhi_lag_3,0.00020315392933200634
total_evapotranspiration_lag_1,0.00020312459404992747
tea_mombasa_usd_per_kg,0.0002021114982579484
prior_year_top5_destination_value_share_lag_1,0.00020146612487326643
competitor_tea_average_usd_per_kg,0.0001979786344771219
avg_temperature_lag_3,0.00019453733750779783
export_unit_value_usd_per_kg_lag_1,0.00019314466726190027
prior_year_top5_destination_value_share,0.0001895934893377294
avg_pressure,0.00017985875982828235
prior_year_top_destination_value_share_lag_3,0.00017032238602863024
brent_crude_oil_usd_per_bbl_lag_3,0.00015944664676418167
brent_crude_oil_usd_per_bbl_lag_1,0.00015690010551017058
prior_year_reported_destination_count_lag_1,0.00015635087728383773
export_value_usd_lag_3,0.00014404914974723449
tea_colombo_usd_per_kg_lag_3,0.00011610019997516547
avg_pressure_lag_3,0.00011141967260658866
prior_year_reported_destination_count_lag_3,0.00010340368043152354
prior_year_top5_destination_value_share_lag_3,0.00010215523299074572
prior_year_top5_destination_value_share_lag_6,9.897595972367348e-05
reported_fob_usd_per_kg_lag_1,9.528065699182472e-05
prior_year_reported_destination_count,9.171338260378957e-05
prior_year_reported_destination_count_lag_6,8.020952215063804e-05
ManOtherEstate,6.123029597339463e-05
